2018-06-20;21:00;173.8
2018-06-20;21:15;157.2
2018-06-20;21:30;140.6
2018-06-20;21:45;124.0
2018-06-20;22:00;107.4
2018-06-20;22:15;97.8
2018-06-20;22:30;88.2
2018-06-20;22:45;78.6
2018-06-20;23:00;69.0
2018-06-20;23:15;68.55
2018-06-20;23:30;68.1
2018-06-20;23:45;67.65
2018-06-21;00:00;67.2
2018-06-21;00:15;66.95
2018-06-21;00:30;66.7
2018-06-21;00:45;66.45
2018-06-21;01:00;66.2
2018-06-21;01:15;65.25
2018-06-21;01:30;64.3
2018-06-21;01:45;63.35
2018-06-21;02:00;62.4
2018-06-21;02:15;62.15
2018-06-21;02:30;61.9
2018-06-21;02:45;61.65
2018-06-21;03:00;61.4
2018-06-21;03:15;62.25
2018-06-21;03:30;63.1
2018-06-21;03:45;63.95
2018-06-21;04:00;64.8
2018-06-21;04:15;63.85
2018-06-21;04:30;62.9
2018-06-21;04:45;61.95
2018-06-21;05:00;61.0
2018-06-21;05:15;60.1
2018-06-21;05:30;59.2
2018-06-21;05:45;58.3
2018-06-21;06:00;57.4
2018-06-21;06:15;58.05
2018-06-21;06:30;58.7
2018-06-21;06:45;59.35
2018-06-21;07:00;60.0
2018-06-21;07:15;66.6
2018-06-21;07:30;73.2
2018-06-21;07:45;79.8
2018-06-21;08:00;86.4
2018-06-21;08:15;103.85
2018-06-21;08:30;121.3
2018-06-21;08:45;138.75
2018-06-21;09:00;156.2
2018-06-21;09:15;165.25
2018-06-21;09:30;174.3
2018-06-21;09:45;183.35
2018-06-21;10:00;192.4
2018-06-21;10:15;212.45
2018-06-21;10:30;232.5
2018-06-21;10:45;252.55
2018-06-21;11:00;272.6
2018-06-21;11:15;293.95
2018-06-21;11:30;315.3
2018-06-21;11:45;336.65
2018-06-21;12:00;358.0
2018-06-21;12:15;361.95
2018-06-21;12:30;365.9
2018-06-21;12:45;369.85
2018-06-21;13:00;373.8
2018-06-21;13:15;374.3
2018-06-21;13:30;374.8
2018-06-21;13:45;375.3
2018-06-21;14:00;375.8
2018-06-21;14:15;375.95
2018-06-21;14:30;376.1
2018-06-21;14:45;376.25
2018-06-21;15:00;376.4
2018-06-21;15:15;375.45
2018-06-21;15:30;374.5
2018-06-21;15:45;373.55
2018-06-21;16:00;372.6
2018-06-21;16:15;370.05
2018-06-21;16:30;367.5
2018-06-21;16:45;364.95
2018-06-21;17:00;362.4
2018-06-21;17:15;357.15
2018-06-21;17:30;351.9
2018-06-21;17:45;346.65
2018-06-21;18:00;341.4
2018-06-21;18:15;329.25
2018-06-21;18:30;317.1
2018-06-21;18:45;304.95
2018-06-21;19:00;292.8
2018-06-21;19:15;280.2
2018-06-21;19:30;267.6
2018-06-21;19:45;255.0
2018-06-21;20:00;242.4
2018-06-21;20:15;218.55
2018-06-21;20:30;194.7
2018-06-21;20:45;170.85
2018-06-21;21:00;147.0
2018-06-21;21:15;134.2
2018-06-21;21:30;121.4
2018-06-21;21:45;108.6
2018-06-21;22:00;95.8
2018-06-21;22:15;91.5
2018-06-21;22:30;87.2
2018-06-21;22:45;82.9
2018-06-21;23:00;78.6
2018-06-21;23:15;76.65
2018-06-21;23:30;74.7
2018-06-21;23:45;72.75
2018-06-22;00:00;70.8
2018-06-22;00:15;70.55
2018-06-22;00:30;70.3
2018-06-22;00:45;70.05
2018-06-22;01:00;69.8
2018-06-22;01:15;68.8
2018-06-22;01:30;67.8
2018-06-22;01:45;66.8
2018-06-22;02:00;65.8
2018-06-22;02:15;65.7
2018-06-22;02:30;65.6
2018-06-22;02:45;65.5
2018-06-22;03:00;65.4
2018-06-22;03:15;65.55
2018-06-22;03:30;65.7
2018-06-22;03:45;65.85
2018-06-22;04:00;66.0
2018-06-22;04:15;65.7
2018-06-22;04:30;65.4
2018-06-22;04:45;65.1
2018-06-22;05:00;64.8
2018-06-22;05:15;62.85
2018-06-22;05:30;60.9
2018-06-22;05:45;58.95
2018-06-22;06:00;57.0
2018-06-22;06:15;57.55
2018-06-22;06:30;58.1
2018-06-22;06:45;58.65
2018-06-22;07:00;59.2
2018-06-22;07:15;64.55
2018-06-22;07:30;69.9
2018-06-22;07:45;75.25
2018-06-22;08:00;80.6
2018-06-22;08:15;102.2
2018-06-22;08:30;123.8
2018-06-22;08:45;145.4
2018-06-22;09:00;167.0
2018-06-22;09:15;190.95
2018-06-22;09:30;214.9
2018-06-22;09:45;238.85
2018-06-22;10:00;262.8
2018-06-22;10:15;281.2
2018-06-22;10:30;299.6
2018-06-22;10:45;318.0
2018-06-22;11:00;336.4
2018-06-22;11:15;338.3
2018-06-22;11:30;340.2
2018-06-22;11:45;342.1
2018-06-22;12:00;344.0
2018-06-22;12:15;350.05
2018-06-22;12:30;356.1
2018-06-22;12:45;362.15
2018-06-22;13:00;368.2
2018-06-22;13:15;370.45
2018-06-22;13:30;372.7
2018-06-22;13:45;374.95
2018-06-22;14:00;377.2
2018-06-22;14:15;376.7
2018-06-22;14:30;376.2
2018-06-22;14:45;375.7
2018-06-22;15:00;375.2
2018-06-22;15:15;374.9
2018-06-22;15:30;374.6
2018-06-22;15:45;374.3
2018-06-22;16:00;374.0
2018-06-22;16:15;372.3
2018-06-22;16:30;370.6
2018-06-22;16:45;368.9
2018-06-22;17:00;367.2
2018-06-22;17:15;356.35
2018-06-22;17:30;345.5
2018-06-22;17:45;334.65
2018-06-22;18:00;323.8
2018-06-22;18:15;307.8
2018-06-22;18:30;291.8
2018-06-22;18:45;275.8
2018-06-22;19:00;259.8
2018-06-22;19:15;241.55
2018-06-22;19:30;223.3
2018-06-22;19:45;205.05
2018-06-22;20:00;186.8
2018-06-22;20:15;168.7
2018-06-22;20:30;150.6
2018-06-22;20:45;132.5
2018-06-22;21:00;114.4
2018-06-22;21:15;102.85
2018-06-22;21:30;91.3
2018-06-22;21:45;79.75
2018-06-22;22:00;68.2
2018-06-22;22:15;67.9
2018-06-22;22:30;67.6
2018-06-22;22:45;67.3
2018-06-22;23:00;67.0
2018-06-22;23:15;65.9
2018-06-22;23:30;64.8
2018-06-22;23:45;63.7
2018-06-23;00:00;62.6
2018-06-23;00:15;63.15
2018-06-23;00:30;63.7
2018-06-23;00:45;64.25
2018-06-23;01:00;64.8
2018-06-23;01:15;63.65
2018-06-23;01:30;62.5
2018-06-23;01:45;61.35
2018-06-23;02:00;60.2
2018-06-23;02:15;60.2
2018-06-23;02:30;60.2
2018-06-23;02:45;60.2
2018-06-23;03:00;60.2
2018-06-23;03:15;60.0
2018-06-23;03:30;59.8
2018-06-23;03:45;59.6
2018-06-23;04:00;59.4
2018-06-23;04:15;59.35
2018-06-23;04:30;59.3
2018-06-23;04:45;59.25
2018-06-23;05:00;59.2
2018-06-23;05:15;57.95
2018-06-23;05:30;56.7
2018-06-23;05:45;55.45
2018-06-23;06:00;54.2
2018-06-23;06:15;54.85
2018-06-23;06:30;55.5
2018-06-23;06:45;56.15
2018-06-23;07:00;56.8
2018-06-23;07:15;54.7
2018-06-23;07:30;52.6
2018-06-23;07:45;50.5
2018-06-23;08:00;48.4
2018-06-23;08:15;62.6
2018-06-23;08:30;76.8
2018-06-23;08:45;91.0
2018-06-23;09:00;105.2
2018-06-23;09:15;119.8
2018-06-23;09:30;134.4
2018-06-23;09:45;149.0
2018-06-23;10:00;163.6
2018-06-23;10:15;175.0
2018-06-23;10:30;186.4
2018-06-23;10:45;197.8
2018-06-23;11:00;209.2
2018-06-23;11:15;219.3
2018-06-23;11:30;229.4
2018-06-23;11:45;239.5
2018-06-23;12:00;249.6
2018-06-23;12:15;255.65
2018-06-23;12:30;261.7
2018-06-23;12:45;267.75
2018-06-23;13:00;273.8
2018-06-23;13:15;280.65
2018-06-23;13:30;287.5
2018-06-23;13:45;294.35
2018-06-23;14:00;301.2
2018-06-23;14:15;290.75
2018-06-23;14:30;280.3
2018-06-23;14:45;269.85
2018-06-23;15:00;259.4
2018-06-23;15:15;280.5
2018-06-23;15:30;301.6
2018-06-23;15:45;322.7
2018-06-23;16:00;343.8
2018-06-23;16:15;333.4
2018-06-23;16:30;323.0
2018-06-23;16:45;312.6
2018-06-23;17:00;302.2
2018-06-23;17:15;281.05
2018-06-23;17:30;259.9
2018-06-23;17:45;238.75
2018-06-23;18:00;217.6
2018-06-23;18:15;206.75
2018-06-23;18:30;195.9
2018-06-23;18:45;185.05
2018-06-23;19:00;174.2
2018-06-23;19:15;158.85
2018-06-23;19:30;143.5
2018-06-23;19:45;128.15
2018-06-23;20:00;112.8
2018-06-23;20:15;103.3
2018-06-23;20:30;93.8
2018-06-23;20:45;84.3
2018-06-23;21:00;74.8
2018-06-23;21:15;70.25
2018-06-23;21:30;65.7
2018-06-23;21:45;61.15
2018-06-23;22:00;56.6
2018-06-23;22:15;56.7
2018-06-23;22:30;56.8
2018-06-23;22:45;56.9
2018-06-23;23:00;57.0
2018-06-23;23:15;56.5
2018-06-23;23:30;56.0
2018-06-23;23:45;55.5
2018-06-24;00:00;55.0
2018-06-24;00:15;56.4
2018-06-24;00:30;57.8
2018-06-24;00:45;59.2
2018-06-24;01:00;60.6
2018-06-24;01:15;59.35
2018-06-24;01:30;58.1
2018-06-24;01:45;56.85
2018-06-24;02:00;55.6
2018-06-24;02:15;55.55
2018-06-24;02:30;55.5
2018-06-24;02:45;55.45
2018-06-24;03:00;55.4
2018-06-24;03:15;55.55
2018-06-24;03:30;55.7
2018-06-24;03:45;55.85
2018-06-24;04:00;56.0
2018-06-24;04:15;55.5
2018-06-24;04:30;55.0
2018-06-24;04:45;54.5
2018-06-24;05:00;54.0
2018-06-24;05:15;53.5
2018-06-24;05:30;53.0
2018-06-24;05:45;52.5
2018-06-24;06:00;52.0
2018-06-24;06:15;51.55
2018-06-24;06:30;51.1
2018-06-24;06:45;50.65
2018-06-24;07:00;50.2
2018-06-24;07:15;58.9
2018-06-24;07:30;67.6
2018-06-24;07:45;76.3
2018-06-24;08:00;85.0
2018-06-24;08:15;102.35
2018-06-24;08:30;119.7
2018-06-24;08:45;137.05
2018-06-24;09:00;154.4
2018-06-24;09:15;166.55
2018-06-24;09:30;178.7
2018-06-24;09:45;190.85
2018-06-24;10:00;203.0
2018-06-24;10:15;231.9
2018-06-24;10:30;260.8
2018-06-24;10:45;289.7
2018-06-24;11:00;318.6
2018-06-24;11:15;325.95
2018-06-24;11:30;333.3
2018-06-24;11:45;340.65
2018-06-24;12:00;348.0
2018-06-24;12:15;350.75
2018-06-24;12:30;353.5
2018-06-24;12:45;356.25
2018-06-24;13:00;359.0
2018-06-24;13:15;362.1
2018-06-24;13:30;365.2
2018-06-24;13:45;368.3
2018-06-24;14:00;371.4
2018-06-24;14:15;368.3
2018-06-24;14:30;365.2
2018-06-24;14:45;362.1
2018-06-24;15:00;359.0
2018-06-24;15:15;358.3
2018-06-24;15:30;357.6
2018-06-24;15:45;356.9
2018-06-24;16:00;356.2
2018-06-24;16:15;353.55
2018-06-24;16:30;350.9
2018-06-24;16:45;348.25
2018-06-24;17:00;345.6
2018-06-24;17:15;333.35
2018-06-24;17:30;321.1
2018-06-24;17:45;308.85
2018-06-24;18:00;296.6
2018-06-24;18:15;269.45
2018-06-24;18:30;242.3
2018-06-24;18:45;215.15
2018-06-24;19:00;188.0
2018-06-24;19:15;162.85
2018-06-24;19:30;137.7
2018-06-24;19:45;112.55
2018-06-24;20:00;87.4
2018-06-24;20:15;81.25
2018-06-24;20:30;75.1
2018-06-24;20:45;68.95
2018-06-24;21:00;62.8
2018-06-24;21:15;62.95
2018-06-24;21:30;63.1
2018-06-24;21:45;63.25
2018-06-24;22:00;63.4
2018-06-24;22:15;62.85
2018-06-24;22:30;62.3
2018-06-24;22:45;61.75
2018-06-24;23:00;61.2
2018-06-24;23:15;60.8
2018-06-24;23:30;60.4
2018-06-24;23:45;60.0
2018-06-25;00:00;59.6
2018-06-25;00:15;59.8
2018-06-25;00:30;60.0
2018-06-25;00:45;60.2
2018-06-25;01:00;60.4
2018-06-25;01:15;60.45
2018-06-25;01:30;60.5
2018-06-25;01:45;60.55
2018-06-25;02:00;60.6
2018-06-25;02:15;59.1
2018-06-25;02:30;57.6
2018-06-25;02:45;56.1
2018-06-25;03:00;54.6
2018-06-25;03:15;56.2
2018-06-25;03:30;57.8
2018-06-25;03:45;59.4
2018-06-25;04:00;61.0
2018-06-25;04:15;59.85
2018-06-25;04:30;58.7
2018-06-25;04:45;57.55
2018-06-25;05:00;56.4
2018-06-25;05:15;56.8
2018-06-25;05:30;57.2
2018-06-25;05:45;57.6
2018-06-25;06:00;58.0
2018-06-25;06:15;56.3
2018-06-25;06:30;54.6
2018-06-25;06:45;52.9
2018-06-25;07:00;51.2
2018-06-25;07:15;59.85
2018-06-25;07:30;68.5
2018-06-25;07:45;77.15
2018-06-25;08:00;85.8
2018-06-25;08:15;103.95
2018-06-25;08:30;122.1
2018-06-25;08:45;140.25
2018-06-25;09:00;158.4
2018-06-25;09:15;174.05
2018-06-25;09:30;189.7
2018-06-25;09:45;205.35
2018-06-25;10:00;221.0
2018-06-25;10:15;246.7
2018-06-25;10:30;272.4
2018-06-25;10:45;298.1
2018-06-25;11:00;323.8
2018-06-25;11:15;328.4
2018-06-25;11:30;333.0
2018-06-25;11:45;337.6
2018-06-25;12:00;342.2
2018-06-25;12:15;349.35
2018-06-25;12:30;356.5
2018-06-25;12:45;363.65
2018-06-25;13:00;370.8
2018-06-25;13:15;371.15
2018-06-25;13:30;371.5
2018-06-25;13:45;371.85
2018-06-25;14:00;372.2
2018-06-25;14:15;371.6
2018-06-25;14:30;371.0
2018-06-25;14:45;370.4
2018-06-25;15:00;369.8
2018-06-25;15:15;371.35
2018-06-25;15:30;372.9
2018-06-25;15:45;374.45
2018-06-25;16:00;376.0
2018-06-25;16:15;376.2
2018-06-25;16:30;376.4
2018-06-25;16:45;376.6
2018-06-25;17:00;376.8
2018-06-25;17:15;367.25
2018-06-25;17:30;357.7
2018-06-25;17:45;348.15
2018-06-25;18:00;338.6
2018-06-25;18:15;323.95
2018-06-25;18:30;309.3
2018-06-25;18:45;294.65
2018-06-25;19:00;280.0
2018-06-25;19:15;258.75
2018-06-25;19:30;237.5
2018-06-25;19:45;216.25
2018-06-25;20:00;195.0
2018-06-25;20:15;165.25
2018-06-25;20:30;135.5
2018-06-25;20:45;105.75
2018-06-25;21:00;76.0
2018-06-25;21:15;72.75
2018-06-25;21:30;69.5
2018-06-25;21:45;66.25
2018-06-25;22:00;63.0
2018-06-25;22:15;63.15
2018-06-25;22:30;63.3
2018-06-25;22:45;63.45
2018-06-25;23:00;63.6
2018-06-25;23:15;62.25
2018-06-25;23:30;60.9
2018-06-25;23:45;59.55
2018-06-26;00:00;58.2
2018-06-26;00:15;59.3
2018-06-26;00:30;60.4
2018-06-26;00:45;61.5
2018-06-26;01:00;62.6
2018-06-26;01:15;61.7
2018-06-26;01:30;60.8
2018-06-26;01:45;59.9
2018-06-26;02:00;59.0
2018-06-26;02:15;58.3
2018-06-26;02:30;57.6
2018-06-26;02:45;56.9
2018-06-26;03:00;56.2
2018-06-26;03:15;56.95
2018-06-26;03:30;57.7
2018-06-26;03:45;58.45
2018-06-26;04:00;59.2
2018-06-26;04:15;59.0
2018-06-26;04:30;58.8
2018-06-26;04:45;58.6
2018-06-26;05:00;58.4
2018-06-26;05:15;57.05
2018-06-26;05:30;55.7
2018-06-26;05:45;54.35
2018-06-26;06:00;53.0
2018-06-26;06:15;53.85
2018-06-26;06:30;54.7
2018-06-26;06:45;55.55
2018-06-26;07:00;56.4
2018-06-26;07:15;66.25
2018-06-26;07:30;76.1
2018-06-26;07:45;85.95
2018-06-26;08:00;95.8
2018-06-26;08:15;111.85
2018-06-26;08:30;127.9
2018-06-26;08:45;143.95
2018-06-26;09:00;160.0
2018-06-26;09:15;176.75
2018-06-26;09:30;193.5
2018-06-26;09:45;210.25
2018-06-26;10:00;227.0
2018-06-26;10:15;234.25
2018-06-26;10:30;241.5
2018-06-26;10:45;248.75
2018-06-26;11:00;256.0
2018-06-26;11:15;262.8
2018-06-26;11:30;269.6
2018-06-26;11:45;276.4
2018-06-26;12:00;283.2
2018-06-26;12:15;304.75
2018-06-26;12:30;326.3
2018-06-26;12:45;347.85
2018-06-26;13:00;369.4
2018-06-26;13:15;372.65
2018-06-26;13:30;375.9
2018-06-26;13:45;379.15
2018-06-26;14:00;382.4
2018-06-26;14:15;378.2
2018-06-26;14:30;374.0
2018-06-26;14:45;369.8
2018-06-26;15:00;365.6
2018-06-26;15:15;366.85
2018-06-26;15:30;368.1
2018-06-26;15:45;369.35
2018-06-26;16:00;370.6
2018-06-26;16:15;364.0
2018-06-26;16:30;357.4
2018-06-26;16:45;350.8
2018-06-26;17:00;344.2
2018-06-26;17:15;341.1
2018-06-26;17:30;338.0
2018-06-26;17:45;334.9
2018-06-26;18:00;331.8
2018-06-26;18:15;314.9
2018-06-26;18:30;298.0
2018-06-26;18:45;281.1
2018-06-26;19:00;264.2
2018-06-26;19:15;240.1
2018-06-26;19:30;216.0
2018-06-26;19:45;191.9
2018-06-26;20:00;167.8
2018-06-26;20:15;148.1
2018-06-26;20:30;128.4
2018-06-26;20:45;108.7
2018-06-26;21:00;89.0
2018-06-26;21:15;82.45
2018-06-26;21:30;75.9
2018-06-26;21:45;69.35
2018-06-26;22:00;62.8
2018-06-26;22:15;62.05
2018-06-26;22:30;61.3
2018-06-26;22:45;60.55
2018-06-26;23:00;59.8
2018-06-26;23:15;59.6
2018-06-26;23:30;59.4
2018-06-26;23:45;59.2
2018-06-27;00:00;59.0
2018-06-27;00:15;59.1
2018-06-27;00:30;59.2
2018-06-27;00:45;59.3
2018-06-27;01:00;59.4
2018-06-27;01:15;59.65
2018-06-27;01:30;59.9
2018-06-27;01:45;60.15
2018-06-27;02:00;60.4
2018-06-27;02:15;58.9
2018-06-27;02:30;57.4
2018-06-27;02:45;55.9
2018-06-27;03:00;54.4
2018-06-27;03:15;55.55
2018-06-27;03:30;56.7
2018-06-27;03:45;57.85
2018-06-27;04:00;59.0
2018-06-27;04:15;57.95
2018-06-27;04:30;56.9
2018-06-27;04:45;55.85
2018-06-27;05:00;54.8
2018-06-27;05:15;54.4
2018-06-27;05:30;54.0
2018-06-27;05:45;53.6
2018-06-27;06:00;53.2
2018-06-27;06:15;52.75
2018-06-27;06:30;52.3
2018-06-27;06:45;51.85
2018-06-27;07:00;51.4
2018-06-27;07:15;65.2
2018-06-27;07:30;79.0
2018-06-27;07:45;92.8
2018-06-27;08:00;106.6
2018-06-27;08:15;129.75
2018-06-27;08:30;152.9
2018-06-27;08:45;176.05
2018-06-27;09:00;199.2
2018-06-27;09:15;202.7
2018-06-27;09:30;206.2
2018-06-27;09:45;209.7
2018-06-27;10:00;213.2
2018-06-27;10:15;228.3
2018-06-27;10:30;243.4
2018-06-27;10:45;258.5
2018-06-27;11:00;273.6
2018-06-27;11:15;293.95
2018-06-27;11:30;314.3
2018-06-27;11:45;334.65
2018-06-27;12:00;355.0
2018-06-27;12:15;355.25
2018-06-27;12:30;355.5
2018-06-27;12:45;355.75
2018-06-27;13:00;356.0
2018-06-27;13:15;359.5
2018-06-27;13:30;363.0
2018-06-27;13:45;366.5
2018-06-27;14:00;370.0
2018-06-27;14:15;370.15
2018-06-27;14:30;370.3
2018-06-27;14:45;370.45
2018-06-27;15:00;370.6
2018-06-27;15:15;369.4
2018-06-27;15:30;368.2
2018-06-27;15:45;367.0
2018-06-27;16:00;365.8
2018-06-27;16:15;361.0
2018-06-27;16:30;356.2
2018-06-27;16:45;351.4
2018-06-27;17:00;346.6
2018-06-27;17:15;343.55
2018-06-27;17:30;340.5
2018-06-27;17:45;337.45
2018-06-27;18:00;334.4
2018-06-27;18:15;327.2
2018-06-27;18:30;320.0
2018-06-27;18:45;312.8
2018-06-27;19:00;305.6
2018-06-27;19:15;289.8
2018-06-27;19:30;274.0
2018-06-27;19:45;258.2
2018-06-27;20:00;242.4
2018-06-27;20:15;211.2
2018-06-27;20:30;180.0
2018-06-27;20:45;148.8
2018-06-27;21:00;117.6
2018-06-27;21:15;105.5
2018-06-27;21:30;93.4
2018-06-27;21:45;81.3
2018-06-27;22:00;69.2
2018-06-27;22:15;67.3
2018-06-27;22:30;65.4
2018-06-27;22:45;63.5
2018-06-27;23:00;61.6
2018-06-27;23:15;61.5
2018-06-27;23:30;61.4
2018-06-27;23:45;61.3
2018-06-28;00:00;61.2
2018-06-28;00:15;60.75
2018-06-28;00:30;60.3
2018-06-28;00:45;59.85
2018-06-28;01:00;59.4
2018-06-28;01:15;60.55
2018-06-28;01:30;61.7
2018-06-28;01:45;62.85
2018-06-28;02:00;64.0
2018-06-28;02:15;62.05
2018-06-28;02:30;60.1
2018-06-28;02:45;58.15
2018-06-28;03:00;56.2
2018-06-28;03:15;56.8
2018-06-28;03:30;57.4
2018-06-28;03:45;58.0
2018-06-28;04:00;58.6
2018-06-28;04:15;57.55
2018-06-28;04:30;56.5
2018-06-28;04:45;55.45
2018-06-28;05:00;54.4
2018-06-28;05:15;54.7
2018-06-28;05:30;55.0
2018-06-28;05:45;55.3
2018-06-28;06:00;55.6
2018-06-28;06:15;54.85
2018-06-28;06:30;54.1
2018-06-28;06:45;53.35
2018-06-28;07:00;52.6
2018-06-28;07:15;60.6
2018-06-28;07:30;68.6
2018-06-28;07:45;76.6
2018-06-28;08:00;84.6
2018-06-28;08:15;112.25
2018-06-28;08:30;139.9
2018-06-28;08:45;167.55
2018-06-28;09:00;195.2
2018-06-28;09:15;221.75
2018-06-28;09:30;248.3
2018-06-28;09:45;274.85
2018-06-28;10:00;301.4
2018-06-28;10:15;307.6
2018-06-28;10:30;313.8
2018-06-28;10:45;320.0
2018-06-28;11:00;326.2
2018-06-28;11:15;333.55
2018-06-28;11:30;340.9
2018-06-28;11:45;348.25
2018-06-28;12:00;355.6
2018-06-28;12:15;356.6
2018-06-28;12:30;357.6
2018-06-28;12:45;358.6
2018-06-28;13:00;359.6
2018-06-28;13:15;363.05
2018-06-28;13:30;366.5
2018-06-28;13:45;369.95
2018-06-28;14:00;373.4
2018-06-28;14:15;373.25
2018-06-28;14:30;373.1
2018-06-28;14:45;372.95
2018-06-28;15:00;372.8
2018-06-28;15:15;373.4
2018-06-28;15:30;374.0
2018-06-28;15:45;374.6
2018-06-28;16:00;375.2
2018-06-28;16:15;374.15
2018-06-28;16:30;373.1
2018-06-28;16:45;372.05
2018-06-28;17:00;371.0
2018-06-28;17:15;364.8
2018-06-28;17:30;358.6
2018-06-28;17:45;352.4
2018-06-28;18:00;346.2
2018-06-28;18:15;336.75
2018-06-28;18:30;327.3
2018-06-28;18:45;317.85
2018-06-28;19:00;308.4
2018-06-28;19:15;284.95
2018-06-28;19:30;261.5
2018-06-28;19:45;238.05
2018-06-28;20:00;214.6
2018-06-28;20:15;196.05
2018-06-28;20:30;177.5
2018-06-28;20:45;158.95
2018-06-28;21:00;140.4
2018-06-28;21:15;124.85
2018-06-28;21:30;109.3
2018-06-28;21:45;93.75
2018-06-28;22:00;78.2
2018-06-28;22:15;75.55
2018-06-28;22:30;72.9
2018-06-28;22:45;70.25
2018-06-28;23:00;67.6
2018-06-28;23:15;66.05
2018-06-28;23:30;64.5
2018-06-28;23:45;62.95
2018-06-29;00:00;61.4
2018-06-29;00:15;62.3
2018-06-29;00:30;63.2
2018-06-29;00:45;64.1
2018-06-29;01:00;65.0
2018-06-29;01:15;64.6
2018-06-29;01:30;64.2
2018-06-29;01:45;63.8
2018-06-29;02:00;63.4
2018-06-29;02:15;63.8
2018-06-29;02:30;64.2
2018-06-29;02:45;64.6
2018-06-29;03:00;65.0
2018-06-29;03:15;62.95
2018-06-29;03:30;60.9
2018-06-29;03:45;58.85
2018-06-29;04:00;56.8
2018-06-29;04:15;58.3
2018-06-29;04:30;59.8
2018-06-29;04:45;61.3
2018-06-29;05:00;62.8
2018-06-29;05:15;61.4
2018-06-29;05:30;60.0
2018-06-29;05:45;58.6
2018-06-29;06:00;57.2
2018-06-29;06:15;58.2
2018-06-29;06:30;59.2
2018-06-29;06:45;60.2
2018-06-29;07:00;61.2
2018-06-29;07:15;62.7
2018-06-29;07:30;64.2
2018-06-29;07:45;65.7
2018-06-29;08:00;67.2
2018-06-29;08:15;91.25
2018-06-29;08:30;115.3
2018-06-29;08:45;139.35
2018-06-29;09:00;163.4
2018-06-29;09:15;194.95
2018-06-29;09:30;226.5
2018-06-29;09:45;258.05
2018-06-29;10:00;289.6
2018-06-29;10:15;302.3
2018-06-29;10:30;315.0
2018-06-29;10:45;327.7
2018-06-29;11:00;340.4
2018-06-29;11:15;340.25
2018-06-29;11:30;340.1
2018-06-29;11:45;339.95
2018-06-29;12:00;339.8
2018-06-29;12:15;346.95
2018-06-29;12:30;354.1
2018-06-29;12:45;361.25
2018-06-29;13:00;368.4
2018-06-29;13:15;371.95
2018-06-29;13:30;375.5
2018-06-29;13:45;379.05
2018-06-29;14:00;382.6
2018-06-29;14:15;379.65
2018-06-29;14:30;376.7
2018-06-29;14:45;373.75
2018-06-29;15:00;370.8
2018-06-29;15:15;374.35
2018-06-29;15:30;377.9
2018-06-29;15:45;381.45
2018-06-29;16:00;385.0
2018-06-29;16:15;379.0
2018-06-29;16:30;373.0
2018-06-29;16:45;367.0
2018-06-29;17:00;361.0
2018-06-29;17:15;354.9
2018-06-29;17:30;348.8
2018-06-29;17:45;342.7
2018-06-29;18:00;336.6
2018-06-29;18:15;329.85
2018-06-29;18:30;323.1
2018-06-29;18:45;316.35
2018-06-29;19:00;309.6
2018-06-29;19:15;296.4
2018-06-29;19:30;283.2
2018-06-29;19:45;270.0
2018-06-29;20:00;256.8
2018-06-29;20:15;221.3
2018-06-29;20:30;185.8
2018-06-29;20:45;150.3
2018-06-29;21:00;114.8
2018-06-29;21:15;105.0
2018-06-29;21:30;95.2
2018-06-29;21:45;85.4
2018-06-29;22:00;75.6
2018-06-29;22:15;72.2
2018-06-29;22:30;68.8
2018-06-29;22:45;65.4
2018-06-29;23:00;62.0
2018-06-29;23:15;63.45
2018-06-29;23:30;64.9
2018-06-29;23:45;66.35
2018-06-30;00:00;67.8
2018-06-30;00:15;65.6
2018-06-30;00:30;63.4
2018-06-30;00:45;61.2
2018-06-30;01:00;59.0
2018-06-30;01:15;60.9
2018-06-30;01:30;62.8
2018-06-30;01:45;64.7
2018-06-30;02:00;66.6
2018-06-30;02:15;65.1
2018-06-30;02:30;63.6
2018-06-30;02:45;62.1
2018-06-30;03:00;60.6
2018-06-30;03:15;61.15
2018-06-30;03:30;61.7
2018-06-30;03:45;62.25
2018-06-30;04:00;62.8
2018-06-30;04:15;61.05
2018-06-30;04:30;59.3
2018-06-30;04:45;57.55
2018-06-30;05:00;55.8
2018-06-30;05:15;57.9
2018-06-30;05:30;60.0
2018-06-30;05:45;62.1
2018-06-30;06:00;64.2
2018-06-30;06:15;61.5
2018-06-30;06:30;58.8
2018-06-30;06:45;56.1
2018-06-30;07:00;53.4
2018-06-30;07:15;56.45
2018-06-30;07:30;59.5
2018-06-30;07:45;62.55
2018-06-30;08:00;65.6
2018-06-30;08:15;83.75
2018-06-30;08:30;101.9
2018-06-30;08:45;120.05
2018-06-30;09:00;138.2
2018-06-30;09:15;155.8
2018-06-30;09:30;173.4
2018-06-30;09:45;191.0
2018-06-30;10:00;208.6
2018-06-30;10:15;216.5
2018-06-30;10:30;224.4
2018-06-30;10:45;232.3
2018-06-30;11:00;240.2
2018-06-30;11:15;269.1
2018-06-30;11:30;298.0
2018-06-30;11:45;326.9
2018-06-30;12:00;355.8
2018-06-30;12:15;359.0
2018-06-30;12:30;362.2
2018-06-30;12:45;365.4
2018-06-30;13:00;368.6
2018-06-30;13:15;365.95
2018-06-30;13:30;363.3
2018-06-30;13:45;360.65
2018-06-30;14:00;358.0
2018-06-30;14:15;358.85
2018-06-30;14:30;359.7
2018-06-30;14:45;360.55
2018-06-30;15:00;361.4
2018-06-30;15:15;361.85
2018-06-30;15:30;362.3
2018-06-30;15:45;362.75
2018-06-30;16:00;363.2
2018-06-30;16:15;361.85
2018-06-30;16:30;360.5
2018-06-30;16:45;359.15
2018-06-30;17:00;357.8
2018-06-30;17:15;349.35
2018-06-30;17:30;340.9
2018-06-30;17:45;332.45
2018-06-30;18:00;324.0
2018-06-30;18:15;293.45
2018-06-30;18:30;262.9
2018-06-30;18:45;232.35
2018-06-30;19:00;201.8
2018-06-30;19:15;179.6
2018-06-30;19:30;157.4
2018-06-30;19:45;135.2
2018-06-30;20:00;113.0
2018-06-30;20:15;100.65
2018-06-30;20:30;88.3
2018-06-30;20:45;75.95
2018-06-30;21:00;63.6
2018-06-30;21:15;61.75
2018-06-30;21:30;59.9
2018-06-30;21:45;58.05
2018-06-30;22:00;56.2
2018-06-30;22:15;53.65
2018-06-30;22:30;51.1
2018-06-30;22:45;48.55
2018-06-30;23:00;46.0
2018-06-30;23:15;47.9
2018-06-30;23:30;49.8
2018-06-30;23:45;51.7
2018-07-01;00:00;53.6
2018-07-01;00:15;55.85
2018-07-01;00:30;58.1
2018-07-01;00:45;60.35
2018-07-01;01:00;62.6
2018-07-01;01:15;62.45
2018-07-01;01:30;62.3
2018-07-01;01:45;62.15
2018-07-01;02:00;62.0
2018-07-01;02:15;60.5
2018-07-01;02:30;59.0
2018-07-01;02:45;57.5
2018-07-01;03:00;56.0
2018-07-01;03:15;56.5
2018-07-01;03:30;57.0
2018-07-01;03:45;57.5
2018-07-01;04:00;58.0
2018-07-01;04:15;57.8
2018-07-01;04:30;57.6
2018-07-01;04:45;57.4
2018-07-01;05:00;57.2
2018-07-01;05:15;55.5
2018-07-01;05:30;53.8
2018-07-01;05:45;52.1
2018-07-01;06:00;50.4
2018-07-01;06:15;51.45
2018-07-01;06:30;52.5
2018-07-01;06:45;53.55
2018-07-01;07:00;54.6
2018-07-01;07:15;56.4
2018-07-01;07:30;58.2
2018-07-01;07:45;60.0
2018-07-01;08:00;61.8
2018-07-01;08:15;77.7
2018-07-01;08:30;93.6
2018-07-01;08:45;109.5
2018-07-01;09:00;125.4
2018-07-01;09:15;143.15
2018-07-01;09:30;160.9
2018-07-01;09:45;178.65
2018-07-01;10:00;196.4
2018-07-01;10:15;211.75
2018-07-01;10:30;227.1
2018-07-01;10:45;242.45
2018-07-01;11:00;257.8
2018-07-01;11:15;278.9
2018-07-01;11:30;300.0
2018-07-01;11:45;321.1
2018-07-01;12:00;342.2
2018-07-01;12:15;343.85
2018-07-01;12:30;345.5
2018-07-01;12:45;347.15
2018-07-01;13:00;348.8
2018-07-01;13:15;346.4
2018-07-01;13:30;344.0
2018-07-01;13:45;341.6
2018-07-01;14:00;339.2
2018-07-01;14:15;341.65
2018-07-01;14:30;344.1
2018-07-01;14:45;346.55
2018-07-01;15:00;349.0
2018-07-01;15:15;348.95
2018-07-01;15:30;348.9
2018-07-01;15:45;348.85
2018-07-01;16:00;348.8
2018-07-01;16:15;348.9
2018-07-01;16:30;349.0
2018-07-01;16:45;349.1
2018-07-01;17:00;349.2
2018-07-01;17:15;326.2
2018-07-01;17:30;303.2
2018-07-01;17:45;280.2
2018-07-01;18:00;257.2
2018-07-01;18:15;228.65
2018-07-01;18:30;200.1
2018-07-01;18:45;171.55
2018-07-01;19:00;143.0
2018-07-01;19:15;132.7
2018-07-01;19:30;122.4
2018-07-01;19:45;112.1
2018-07-01;20:00;101.8
2018-07-01;20:15;93.05
2018-07-01;20:30;84.3
2018-07-01;20:45;75.55
2018-07-01;21:00;66.8
2018-07-01;21:15;63.7
2018-07-01;21:30;60.6
2018-07-01;21:45;57.5
2018-07-01;22:00;54.4
2018-07-01;22:15;56.45
2018-07-01;22:30;58.5
2018-07-01;22:45;60.55
2018-07-01;23:00;62.6
2018-07-01;23:15;59.8
2018-07-01;23:30;57.0
2018-07-01;23:45;54.2
2018-07-02;00:00;51.4
2018-07-02;00:15;53.5
2018-07-02;00:30;55.6
2018-07-02;00:45;57.7
2018-07-02;01:00;59.8
2018-07-02;01:15;59.2
2018-07-02;01:30;58.6
2018-07-02;01:45;58.0
2018-07-02;02:00;57.4
2018-07-02;02:15;57.5
2018-07-02;02:30;57.6
2018-07-02;02:45;57.7
2018-07-02;03:00;57.8
2018-07-02;03:15;55.3
2018-07-02;03:30;52.8
2018-07-02;03:45;50.3
2018-07-02;04:00;47.8
2018-07-02;04:15;50.9
2018-07-02;04:30;54.0
2018-07-02;04:45;57.1
2018-07-02;05:00;60.2
2018-07-02;05:15;56.7
2018-07-02;05:30;53.2
2018-07-02;05:45;49.7
2018-07-02;06:00;46.2
2018-07-02;06:15;50.0
2018-07-02;06:30;53.8
2018-07-02;06:45;57.6
2018-07-02;07:00;61.4
2018-07-02;07:15;69.45
2018-07-02;07:30;77.5
2018-07-02;07:45;85.55
2018-07-02;08:00;93.6
2018-07-02;08:15;111.3
2018-07-02;08:30;129.0
2018-07-02;08:45;146.7
2018-07-02;09:00;164.4
2018-07-02;09:15;179.0
2018-07-02;09:30;193.6
2018-07-02;09:45;208.2
2018-07-02;10:00;222.8
2018-07-02;10:15;246.25
2018-07-02;10:30;269.7
2018-07-02;10:45;293.15
2018-07-02;11:00;316.6
2018-07-02;11:15;319.45
2018-07-02;11:30;322.3
2018-07-02;11:45;325.15
2018-07-02;12:00;328.0
2018-07-02;12:15;330.05
2018-07-02;12:30;332.1
2018-07-02;12:45;334.15
2018-07-02;13:00;336.2
2018-07-02;13:15;336.55
2018-07-02;13:30;336.9
2018-07-02;13:45;337.25
2018-07-02;14:00;337.6
2018-07-02;14:15;341.85
2018-07-02;14:30;346.1
2018-07-02;14:45;350.35
2018-07-02;15:00;354.6
2018-07-02;15:15;353.2
2018-07-02;15:30;351.8
2018-07-02;15:45;350.4
2018-07-02;16:00;349.0
2018-07-02;16:15;351.5
2018-07-02;16:30;354.0
2018-07-02;16:45;356.5
2018-07-02;17:00;359.0
2018-07-02;17:15;341.75
2018-07-02;17:30;324.5
2018-07-02;17:45;307.25
2018-07-02;18:00;290.0
2018-07-02;18:15;272.3
2018-07-02;18:30;254.6
2018-07-02;18:45;236.9
2018-07-02;19:00;219.2
2018-07-02;19:15;197.9
2018-07-02;19:30;176.6
2018-07-02;19:45;155.3
2018-07-02;20:00;134.0
2018-07-02;20:15;119.85
2018-07-02;20:30;105.7
2018-07-02;20:45;91.55
2018-07-02;21:00;77.4
2018-07-02;21:15;71.9
2018-07-02;21:30;66.4
2018-07-02;21:45;60.9
2018-07-02;22:00;55.4
2018-07-02;22:15;57.05
2018-07-02;22:30;58.7
2018-07-02;22:45;60.35
2018-07-02;23:00;62.0
2018-07-02;23:15;60.15
2018-07-02;23:30;58.3
2018-07-02;23:45;56.45
2018-07-03;00:00;54.6
2018-07-03;00:15;55.2
2018-07-03;00:30;55.8
2018-07-03;00:45;56.4
2018-07-03;01:00;57.0
2018-07-03;01:15;57.1
2018-07-03;01:30;57.2
2018-07-03;01:45;57.3
2018-07-03;02:00;57.4
2018-07-03;02:15;57.3
2018-07-03;02:30;57.2
2018-07-03;02:45;57.1
2018-07-03;03:00;57.0
2018-07-03;03:15;54.5
2018-07-03;03:30;52.0
2018-07-03;03:45;49.5
2018-07-03;04:00;47.0
2018-07-03;04:15;47.6
2018-07-03;04:30;48.2
2018-07-03;04:45;48.8
2018-07-03;05:00;49.4
2018-07-03;05:15;49.7
2018-07-03;05:30;50.0
2018-07-03;05:45;50.3
2018-07-03;06:00;50.6
2018-07-03;06:15;50.6
2018-07-03;06:30;50.6
2018-07-03;06:45;50.6
2018-07-03;07:00;50.6
2018-07-03;07:15;59.65
2018-07-03;07:30;68.7
2018-07-03;07:45;77.75
2018-07-03;08:00;86.8
2018-07-03;08:15;109.2
2018-07-03;08:30;131.6
2018-07-03;08:45;154.0
2018-07-03;09:00;176.4
2018-07-03;09:15;187.35
2018-07-03;09:30;198.3
2018-07-03;09:45;209.25
2018-07-03;10:00;220.2
2018-07-03;10:15;249.8
2018-07-03;10:30;279.4
2018-07-03;10:45;309.0
2018-07-03;11:00;338.6
2018-07-03;11:15;337.25
2018-07-03;11:30;335.9
2018-07-03;11:45;334.55
2018-07-03;12:00;333.2
2018-07-03;12:15;335.5
2018-07-03;12:30;337.8
2018-07-03;12:45;340.1
2018-07-03;13:00;342.4
2018-07-03;13:15;345.7
2018-07-03;13:30;349.0
2018-07-03;13:45;352.3
2018-07-03;14:00;355.6
2018-07-03;14:15;356.6
2018-07-03;14:30;357.6
2018-07-03;14:45;358.6
2018-07-03;15:00;359.6
2018-07-03;15:15;357.75
2018-07-03;15:30;355.9
2018-07-03;15:45;354.05
2018-07-03;16:00;352.2
2018-07-03;16:15;342.65
2018-07-03;16:30;333.1
2018-07-03;16:45;323.55
2018-07-03;17:00;314.0
2018-07-03;17:15;310.7
2018-07-03;17:30;307.4
2018-07-03;17:45;304.1
2018-07-03;18:00;300.8
2018-07-03;18:15;293.05
2018-07-03;18:30;285.3
2018-07-03;18:45;277.55
2018-07-03;19:00;269.8
2018-07-03;19:15;267.7
2018-07-03;19:30;265.6
2018-07-03;19:45;263.5
2018-07-03;20:00;261.4
2018-07-03;20:15;226.5
2018-07-03;20:30;191.6
2018-07-03;20:45;156.7
2018-07-03;21:00;121.8
2018-07-03;21:15;107.75
2018-07-03;21:30;93.7
2018-07-03;21:45;79.65
2018-07-03;22:00;65.6
2018-07-03;22:15;64.15
2018-07-03;22:30;62.7
2018-07-03;22:45;61.25
2018-07-03;23:00;59.8
2018-07-03;23:15;61.25
2018-07-03;23:30;62.7
2018-07-03;23:45;64.15
2018-07-04;00:00;65.6
2018-07-04;00:15;63.2
2018-07-04;00:30;60.8
2018-07-04;00:45;58.4
2018-07-04;01:00;56.0
2018-07-04;01:15;57.05
2018-07-04;01:30;58.1
2018-07-04;01:45;59.15
2018-07-04;02:00;60.2
2018-07-04;02:15;57.45
2018-07-04;02:30;54.7
2018-07-04;02:45;51.95
2018-07-04;03:00;49.2
2018-07-04;03:15;52.3
2018-07-04;03:30;55.4
2018-07-04;03:45;58.5
2018-07-04;04:00;61.6
2018-07-04;04:15;59.6
2018-07-04;04:30;57.6
2018-07-04;04:45;55.6
2018-07-04;05:00;53.6
2018-07-04;05:15;52.85
2018-07-04;05:30;52.1
2018-07-04;05:45;51.35
2018-07-04;06:00;50.6
2018-07-04;06:15;49.8
2018-07-04;06:30;49.0
2018-07-04;06:45;48.2
2018-07-04;07:00;47.4
2018-07-04;07:15;60.85
2018-07-04;07:30;74.3
2018-07-04;07:45;87.75
2018-07-04;08:00;101.2
2018-07-04;08:15;119.8
2018-07-04;08:30;138.4
2018-07-04;08:45;157.0
2018-07-04;09:00;175.6
2018-07-04;09:15;189.6
2018-07-04;09:30;203.6
2018-07-04;09:45;217.6
2018-07-04;10:00;231.6
2018-07-04;10:15;237.6
2018-07-04;10:30;243.6
2018-07-04;10:45;249.6
2018-07-04;11:00;255.6
2018-07-04;11:15;275.1
2018-07-04;11:30;294.6
2018-07-04;11:45;314.1
2018-07-04;12:00;333.6
2018-07-04;12:15;337.1
2018-07-04;12:30;340.6
2018-07-04;12:45;344.1
2018-07-04;13:00;347.6
2018-07-04;13:15;346.55
2018-07-04;13:30;345.5
2018-07-04;13:45;344.45
2018-07-04;14:00;343.4
2018-07-04;14:15;347.95
2018-07-04;14:30;352.5
2018-07-04;14:45;357.05
2018-07-04;15:00;361.6
2018-07-04;15:15;359.7
2018-07-04;15:30;357.8
2018-07-04;15:45;355.9
2018-07-04;16:00;354.0
2018-07-04;16:15;344.75
2018-07-04;16:30;335.5
2018-07-04;16:45;326.25
2018-07-04;17:00;317.0
2018-07-04;17:15;310.6
2018-07-04;17:30;304.2
2018-07-04;17:45;297.8
2018-07-04;18:00;291.4
2018-07-04;18:15;287.05
2018-07-04;18:30;282.7
2018-07-04;18:45;278.35
2018-07-04;19:00;274.0
2018-07-04;19:15;251.15
2018-07-04;19:30;228.3
2018-07-04;19:45;205.45
2018-07-04;20:00;182.6
2018-07-04;20:15;159.2
2018-07-04;20:30;135.8
2018-07-04;20:45;112.4
2018-07-04;21:00;89.0
2018-07-04;21:15;81.85
2018-07-04;21:30;74.7
2018-07-04;21:45;67.55
2018-07-04;22:00;60.4
2018-07-04;22:15;60.0
2018-07-04;22:30;59.6
2018-07-04;22:45;59.2
2018-07-04;23:00;58.8
2018-07-04;23:15;59.95
2018-07-04;23:30;61.1
2018-07-04;23:45;62.25
2018-07-05;00:00;63.4
2018-07-05;00:15;63.0
2018-07-05;00:30;62.6
2018-07-05;00:45;62.2
2018-07-05;01:00;61.8
2018-07-05;01:15;59.75
2018-07-05;01:30;57.7
2018-07-05;01:45;55.65
2018-07-05;02:00;53.6
2018-07-05;02:15;55.2
2018-07-05;02:30;56.8
2018-07-05;02:45;58.4
2018-07-05;03:00;60.0
2018-07-05;03:15;60.2
2018-07-05;03:30;60.4
2018-07-05;03:45;60.6
2018-07-05;04:00;60.8
2018-07-05;04:15;59.2
2018-07-05;04:30;57.6
2018-07-05;04:45;56.0
2018-07-05;05:00;54.4
2018-07-05;05:15;53.75
2018-07-05;05:30;53.1
2018-07-05;05:45;52.45
2018-07-05;06:00;51.8
2018-07-05;06:15;54.3
2018-07-05;06:30;56.8
2018-07-05;06:45;59.3
2018-07-05;07:00;61.8
2018-07-05;07:15;68.55
2018-07-05;07:30;75.3
2018-07-05;07:45;82.05
2018-07-05;08:00;88.8
2018-07-05;08:15;113.05
2018-07-05;08:30;137.3
2018-07-05;08:45;161.55
2018-07-05;09:00;185.8
2018-07-05;09:15;193.05
2018-07-05;09:30;200.3
2018-07-05;09:45;207.55
2018-07-05;10:00;214.8
2018-07-05;10:15;229.4
2018-07-05;10:30;244.0
2018-07-05;10:45;258.6
2018-07-05;11:00;273.2
2018-07-05;11:15;295.35
2018-07-05;11:30;317.5
2018-07-05;11:45;339.65
2018-07-05;12:00;361.8
2018-07-05;12:15;364.65
2018-07-05;12:30;367.5
2018-07-05;12:45;370.35
2018-07-05;13:00;373.2
2018-07-05;13:15;370.2
2018-07-05;13:30;367.2
2018-07-05;13:45;364.2
2018-07-05;14:00;361.2
2018-07-05;14:15;365.2
2018-07-05;14:30;369.2
2018-07-05;14:45;373.2
2018-07-05;15:00;377.2
2018-07-05;15:15;374.75
2018-07-05;15:30;372.3
2018-07-05;15:45;369.85
2018-07-05;16:00;367.4
2018-07-05;16:15;361.8
2018-07-05;16:30;356.2
2018-07-05;16:45;350.6
2018-07-05;17:00;345.0
2018-07-05;17:15;332.65
2018-07-05;17:30;320.3
2018-07-05;17:45;307.95
2018-07-05;18:00;295.6
2018-07-05;18:15;293.2
2018-07-05;18:30;290.8
2018-07-05;18:45;288.4
2018-07-05;19:00;286.0
2018-07-05;19:15;258.55
2018-07-05;19:30;231.1
2018-07-05;19:45;203.65
2018-07-05;20:00;176.2
2018-07-05;20:15;156.2
2018-07-05;20:30;136.2
2018-07-05;20:45;116.2
2018-07-05;21:00;96.2
2018-07-05;21:15;86.75
2018-07-05;21:30;77.3
2018-07-05;21:45;67.85
2018-07-05;22:00;58.4
2018-07-05;22:15;59.1
2018-07-05;22:30;59.8
2018-07-05;22:45;60.5
2018-07-05;23:00;61.2
2018-07-05;23:15;61.35
2018-07-05;23:30;61.5
2018-07-05;23:45;61.65
2018-07-06;00:00;61.8
2018-07-06;00:15;62.55
2018-07-06;00:30;63.3
2018-07-06;00:45;64.05
2018-07-06;01:00;64.8
2018-07-06;01:15;61.35
2018-07-06;01:30;57.9
2018-07-06;01:45;54.45
2018-07-06;02:00;51.0
2018-07-06;02:15;53.8
2018-07-06;02:30;56.6
2018-07-06;02:45;59.4
2018-07-06;03:00;62.2
2018-07-06;03:15;61.25
2018-07-06;03:30;60.3
2018-07-06;03:45;59.35
2018-07-06;04:00;58.4
2018-07-06;04:15;57.75
2018-07-06;04:30;57.1
2018-07-06;04:45;56.45
2018-07-06;05:00;55.8
2018-07-06;05:15;53.95
2018-07-06;05:30;52.1
2018-07-06;05:45;50.25
2018-07-06;06:00;48.4
2018-07-06;06:15;51.75
2018-07-06;06:30;55.1
2018-07-06;06:45;58.45
2018-07-06;07:00;61.8
2018-07-06;07:15;68.45
2018-07-06;07:30;75.1
2018-07-06;07:45;81.75
2018-07-06;08:00;88.4
2018-07-06;08:15;106.35
2018-07-06;08:30;124.3
2018-07-06;08:45;142.25
2018-07-06;09:00;160.2
2018-07-06;09:15;177.2
2018-07-06;09:30;194.2
2018-07-06;09:45;211.2
2018-07-06;10:00;228.2
2018-07-06;10:15;257.95
2018-07-06;10:30;287.7
2018-07-06;10:45;317.45
2018-07-06;11:00;347.2
2018-07-06;11:15;343.95
2018-07-06;11:30;340.7
2018-07-06;11:45;337.45
2018-07-06;12:00;334.2
2018-07-06;12:15;342.05
2018-07-06;12:30;349.9
2018-07-06;12:45;357.75
2018-07-06;13:00;365.6
2018-07-06;13:15;364.65
2018-07-06;13:30;363.7
2018-07-06;13:45;362.75
2018-07-06;14:00;361.8
2018-07-06;14:15;366.2
2018-07-06;14:30;370.6
2018-07-06;14:45;375.0
2018-07-06;15:00;379.4
2018-07-06;15:15;372.95
2018-07-06;15:30;366.5
2018-07-06;15:45;360.05
2018-07-06;16:00;353.6
2018-07-06;16:15;345.1
2018-07-06;16:30;336.6
2018-07-06;16:45;328.1
2018-07-06;17:00;319.6
2018-07-06;17:15;316.3
2018-07-06;17:30;313.0
2018-07-06;17:45;309.7
2018-07-06;18:00;306.4
2018-07-06;18:15;293.15
2018-07-06;18:30;279.9
2018-07-06;18:45;266.65
2018-07-06;19:00;253.4
2018-07-06;19:15;253.05
2018-07-06;19:30;252.7
2018-07-06;19:45;252.35
2018-07-06;20:00;252.0
2018-07-06;20:15;215.4
2018-07-06;20:30;178.8
2018-07-06;20:45;142.2
2018-07-06;21:00;105.6
2018-07-06;21:15;95.75
2018-07-06;21:30;85.9
2018-07-06;21:45;76.05
2018-07-06;22:00;66.2
2018-07-06;22:15;66.7
2018-07-06;22:30;67.2
2018-07-06;22:45;67.7
2018-07-06;23:00;68.2
2018-07-06;23:15;66.95
2018-07-06;23:30;65.7
2018-07-06;23:45;64.45
2018-07-07;00:00;63.2
2018-07-07;00:15;63.9
2018-07-07;00:30;64.6
2018-07-07;00:45;65.3
2018-07-07;01:00;66.0
2018-07-07;01:15;64.85
2018-07-07;01:30;63.7
2018-07-07;01:45;62.55
2018-07-07;02:00;61.4
2018-07-07;02:15;61.2
2018-07-07;02:30;61.0
2018-07-07;02:45;60.8
2018-07-07;03:00;60.6
2018-07-07;03:15;60.95
2018-07-07;03:30;61.3
2018-07-07;03:45;61.65
2018-07-07;04:00;62.0
2018-07-07;04:15;62.8
2018-07-07;04:30;63.6
2018-07-07;04:45;64.4
2018-07-07;05:00;65.2
2018-07-07;05:15;62.0
2018-07-07;05:30;58.8
2018-07-07;05:45;55.6
2018-07-07;06:00;52.4
2018-07-07;06:15;54.9
2018-07-07;06:30;57.4
2018-07-07;06:45;59.9
2018-07-07;07:00;62.4
2018-07-07;07:15;70.5
2018-07-07;07:30;78.6
2018-07-07;07:45;86.7
2018-07-07;08:00;94.8
2018-07-07;08:15;114.3
2018-07-07;08:30;133.8
2018-07-07;08:45;153.3
2018-07-07;09:00;172.8
2018-07-07;09:15;197.9
2018-07-07;09:30;223.0
2018-07-07;09:45;248.1
2018-07-07;10:00;273.2
2018-07-07;10:15;290.5
2018-07-07;10:30;307.8
2018-07-07;10:45;325.1
2018-07-07;11:00;342.4
2018-07-07;11:15;347.65
2018-07-07;11:30;352.9
2018-07-07;11:45;358.15
2018-07-07;12:00;363.4
2018-07-07;12:15;365.4
2018-07-07;12:30;367.4
2018-07-07;12:45;369.4
2018-07-07;13:00;371.4
2018-07-07;13:15;370.55
2018-07-07;13:30;369.7
2018-07-07;13:45;368.85
2018-07-07;14:00;368.0
2018-07-07;14:15;368.15
2018-07-07;14:30;368.3
2018-07-07;14:45;368.45
2018-07-07;15:00;368.6
2018-07-07;15:15;366.55
2018-07-07;15:30;364.5
2018-07-07;15:45;362.45
2018-07-07;16:00;360.4
2018-07-07;16:15;356.1
2018-07-07;16:30;351.8
2018-07-07;16:45;347.5
2018-07-07;17:00;343.2
2018-07-07;17:15;333.4
2018-07-07;17:30;323.6
2018-07-07;17:45;313.8
2018-07-07;18:00;304.0
2018-07-07;18:15;297.5
2018-07-07;18:30;291.0
2018-07-07;18:45;284.5
2018-07-07;19:00;278.0
2018-07-07;19:15;258.1
2018-07-07;19:30;238.2
2018-07-07;19:45;218.3
2018-07-07;20:00;198.4
2018-07-07;20:15;171.4
2018-07-07;20:30;144.4
2018-07-07;20:45;117.4
2018-07-07;21:00;90.4
2018-07-07;21:15;85.05
2018-07-07;21:30;79.7
2018-07-07;21:45;74.35
2018-07-07;22:00;69.0
2018-07-07;22:15;68.9
2018-07-07;22:30;68.8
2018-07-07;22:45;68.7
2018-07-07;23:00;68.6
2018-07-07;23:15;68.25
2018-07-07;23:30;67.9
2018-07-07;23:45;67.55
2018-07-08;00:00;67.2
2018-07-08;00:15;67.3
2018-07-08;00:30;67.4
2018-07-08;00:45;67.5
2018-07-08;01:00;67.6
2018-07-08;01:15;66.7
2018-07-08;01:30;65.8
2018-07-08;01:45;64.9
2018-07-08;02:00;64.0
2018-07-08;02:15;63.9
2018-07-08;02:30;63.8
2018-07-08;02:45;63.7
2018-07-08;03:00;63.6
2018-07-08;03:15;62.8
2018-07-08;03:30;62.0
2018-07-08;03:45;61.2
2018-07-08;04:00;60.4
2018-07-08;04:15;61.7
2018-07-08;04:30;63.0
2018-07-08;04:45;64.3
2018-07-08;05:00;65.6
2018-07-08;05:15;62.95
2018-07-08;05:30;60.3
2018-07-08;05:45;57.65
2018-07-08;06:00;55.0
2018-07-08;06:15;55.7
2018-07-08;06:30;56.4
2018-07-08;06:45;57.1
2018-07-08;07:00;57.8
2018-07-08;07:15;66.8
2018-07-08;07:30;75.8
2018-07-08;07:45;84.8
2018-07-08;08:00;93.8
2018-07-08;08:15;114.65
2018-07-08;08:30;135.5
2018-07-08;08:45;156.35
2018-07-08;09:00;177.2
2018-07-08;09:15;188.7
2018-07-08;09:30;200.2
2018-07-08;09:45;211.7
2018-07-08;10:00;223.2
2018-07-08;10:15;235.5
2018-07-08;10:30;247.8
2018-07-08;10:45;260.1
2018-07-08;11:00;272.4
2018-07-08;11:15;293.9
2018-07-08;11:30;315.4
2018-07-08;11:45;336.9
2018-07-08;12:00;358.4
2018-07-08;12:15;361.3
2018-07-08;12:30;364.2
2018-07-08;12:45;367.1
2018-07-08;13:00;370.0
2018-07-08;13:15;369.5
2018-07-08;13:30;369.0
2018-07-08;13:45;368.5
2018-07-08;14:00;368.0
2018-07-08;14:15;367.75
2018-07-08;14:30;367.5
2018-07-08;14:45;367.25
2018-07-08;15:00;367.0
2018-07-08;15:15;369.75
2018-07-08;15:30;372.5
2018-07-08;15:45;375.25
2018-07-08;16:00;378.0
2018-07-08;16:15;370.55
2018-07-08;16:30;363.1
2018-07-08;16:45;355.65
2018-07-08;17:00;348.2
2018-07-08;17:15;339.9
2018-07-08;17:30;331.6
2018-07-08;17:45;323.3
2018-07-08;18:00;315.0
2018-07-08;18:15;307.25
2018-07-08;18:30;299.5
2018-07-08;18:45;291.75
2018-07-08;19:00;284.0
2018-07-08;19:15;249.5
2018-07-08;19:30;215.0
2018-07-08;19:45;180.5
2018-07-08;20:00;146.0
2018-07-08;20:15;127.8
2018-07-08;20:30;109.6
2018-07-08;20:45;91.4
2018-07-08;21:00;73.2
2018-07-08;21:15;71.65
2018-07-08;21:30;70.1
2018-07-08;21:45;68.55
2018-07-08;22:00;67.0
2018-07-08;22:15;66.9
2018-07-08;22:30;66.8
2018-07-08;22:45;66.7
2018-07-08;23:00;66.6
2018-07-08;23:15;66.95
2018-07-08;23:30;67.3
2018-07-08;23:45;67.65
2018-07-09;00:00;68.0
2018-07-09;00:15;66.75
2018-07-09;00:30;65.5
2018-07-09;00:45;64.25
2018-07-09;01:00;63.0
2018-07-09;01:15;63.45
2018-07-09;01:30;63.9
2018-07-09;01:45;64.35
2018-07-09;02:00;64.8
2018-07-09;02:15;64.15
2018-07-09;02:30;63.5
2018-07-09;02:45;62.85
2018-07-09;03:00;62.2
2018-07-09;03:15;62.35
2018-07-09;03:30;62.5
2018-07-09;03:45;62.65
2018-07-09;04:00;62.8
2018-07-09;04:15;61.9
2018-07-09;04:30;61.0
2018-07-09;04:45;60.1
2018-07-09;05:00;59.2
2018-07-09;05:15;59.05
2018-07-09;05:30;58.9
2018-07-09;05:45;58.75
2018-07-09;06:00;58.6
2018-07-09;06:15;57.95
2018-07-09;06:30;57.3
2018-07-09;06:45;56.65
2018-07-09;07:00;56.0
2018-07-09;07:15;67.15
2018-07-09;07:30;78.3
2018-07-09;07:45;89.45
2018-07-09;08:00;100.6
2018-07-09;08:15;118.55
2018-07-09;08:30;136.5
2018-07-09;08:45;154.45
2018-07-09;09:00;172.4
2018-07-09;09:15;180.75
2018-07-09;09:30;189.1
2018-07-09;09:45;197.45
2018-07-09;10:00;205.8
2018-07-09;10:15;215.4
2018-07-09;10:30;225.0
2018-07-09;10:45;234.6
2018-07-09;11:00;244.2
2018-07-09;11:15;266.55
2018-07-09;11:30;288.9
2018-07-09;11:45;311.25
2018-07-09;12:00;333.6
2018-07-09;12:15;339.7
2018-07-09;12:30;345.8
2018-07-09;12:45;351.9
2018-07-09;13:00;358.0
2018-07-09;13:15;356.95
2018-07-09;13:30;355.9
2018-07-09;13:45;354.85
2018-07-09;14:00;353.8
2018-07-09;14:15;356.65
2018-07-09;14:30;359.5
2018-07-09;14:45;362.35
2018-07-09;15:00;365.2
2018-07-09;15:15;362.5
2018-07-09;15:30;359.8
2018-07-09;15:45;357.1
2018-07-09;16:00;354.4
2018-07-09;16:15;349.55
2018-07-09;16:30;344.7
2018-07-09;16:45;339.85
2018-07-09;17:00;335.0
2018-07-09;17:15;325.45
2018-07-09;17:30;315.9
2018-07-09;17:45;306.35
2018-07-09;18:00;296.8
2018-07-09;18:15;291.75
2018-07-09;18:30;286.7
2018-07-09;18:45;281.65
2018-07-09;19:00;276.6
2018-07-09;19:15;265.4
2018-07-09;19:30;254.2
2018-07-09;19:45;243.0
2018-07-09;20:00;231.8
2018-07-09;20:15;199.3
2018-07-09;20:30;166.8
2018-07-09;20:45;134.3
2018-07-09;21:00;101.8
2018-07-09;21:15;92.0
2018-07-09;21:30;82.2
2018-07-09;21:45;72.4
2018-07-09;22:00;62.6
2018-07-09;22:15;63.45
2018-07-09;22:30;64.3
2018-07-09;22:45;65.15
2018-07-09;23:00;66.0
2018-07-09;23:15;64.35
2018-07-09;23:30;62.7
2018-07-09;23:45;61.05
2018-07-10;00:00;59.4
2018-07-10;00:15;59.85
2018-07-10;00:30;60.3
2018-07-10;00:45;60.75
2018-07-10;01:00;61.2
2018-07-10;01:15;59.3
2018-07-10;01:30;57.4
2018-07-10;01:45;55.5
2018-07-10;02:00;53.6
2018-07-10;02:15;54.85
2018-07-10;02:30;56.1
2018-07-10;02:45;57.35
2018-07-10;03:00;58.6
2018-07-10;03:15;58.35
2018-07-10;03:30;58.1
2018-07-10;03:45;57.85
2018-07-10;04:00;57.6
2018-07-10;04:15;56.6
2018-07-10;04:30;55.6
2018-07-10;04:45;54.6
2018-07-10;05:00;53.6
2018-07-10;05:15;53.2
2018-07-10;05:30;52.8
2018-07-10;05:45;52.4
2018-07-10;06:00;52.0
2018-07-10;06:15;52.4
2018-07-10;06:30;52.8
2018-07-10;06:45;53.2
2018-07-10;07:00;53.6
2018-07-10;07:15;63.4
2018-07-10;07:30;73.2
2018-07-10;07:45;83.0
2018-07-10;08:00;92.8
2018-07-10;08:15;107.95
2018-07-10;08:30;123.1
2018-07-10;08:45;138.25
2018-07-10;09:00;153.4
2018-07-10;09:15;171.9
2018-07-10;09:30;190.4
2018-07-10;09:45;208.9
2018-07-10;10:00;227.4
2018-07-10;10:15;245.95
2018-07-10;10:30;264.5
2018-07-10;10:45;283.05
2018-07-10;11:00;301.6
2018-07-10;11:15;313.45
2018-07-10;11:30;325.3
2018-07-10;11:45;337.15
2018-07-10;12:00;349.0
2018-07-10;12:15;351.25
2018-07-10;12:30;353.5
2018-07-10;12:45;355.75
2018-07-10;13:00;358.0
2018-07-10;13:15;360.1
2018-07-10;13:30;362.2
2018-07-10;13:45;364.3
2018-07-10;14:00;366.4
2018-07-10;14:15;369.05
2018-07-10;14:30;371.7
2018-07-10;14:45;374.35
2018-07-10;15:00;377.0
2018-07-10;15:15;374.7
2018-07-10;15:30;372.4
2018-07-10;15:45;370.1
2018-07-10;16:00;367.8
2018-07-10;16:15;361.7
2018-07-10;16:30;355.6
2018-07-10;16:45;349.5
2018-07-10;17:00;343.4
2018-07-10;17:15;333.95
2018-07-10;17:30;324.5
2018-07-10;17:45;315.05
2018-07-10;18:00;305.6
2018-07-10;18:15;299.7
2018-07-10;18:30;293.8
2018-07-10;18:45;287.9
2018-07-10;19:00;282.0
2018-07-10;19:15;268.55
2018-07-10;19:30;255.1
2018-07-10;19:45;241.65
2018-07-10;20:00;228.2
2018-07-10;20:15;209.5
2018-07-10;20:30;190.8
2018-07-10;20:45;172.1
2018-07-10;21:00;153.4
2018-07-10;21:15;136.0
2018-07-10;21:30;118.6
2018-07-10;21:45;101.2
2018-07-10;22:00;83.8
2018-07-10;22:15;80.75
2018-07-10;22:30;77.7
2018-07-10;22:45;74.65
2018-07-10;23:00;71.6
2018-07-10;23:15;69.85
2018-07-10;23:30;68.1
2018-07-10;23:45;66.35
2018-07-11;00:00;64.6
2018-07-11;00:15;65.45
2018-07-11;00:30;66.3
2018-07-11;00:45;67.15
2018-07-11;01:00;68.0
2018-07-11;01:15;66.7
2018-07-11;01:30;65.4
2018-07-11;01:45;64.1
2018-07-11;02:00;62.8
2018-07-11;02:15;63.9
2018-07-11;02:30;65.0
2018-07-11;02:45;66.1
2018-07-11;03:00;67.2
2018-07-11;03:15;65.5
2018-07-11;03:30;63.8
2018-07-11;03:45;62.1
2018-07-11;04:00;60.4
2018-07-11;04:15;60.55
2018-07-11;04:30;60.7
2018-07-11;04:45;60.85
2018-07-11;05:00;61.0
2018-07-11;05:15;60.35
2018-07-11;05:30;59.7
2018-07-11;05:45;59.05
2018-07-11;06:00;58.4
2018-07-11;06:15;59.05
2018-07-11;06:30;59.7
2018-07-11;06:45;60.35
2018-07-11;07:00;61.0
2018-07-11;07:15;69.0
2018-07-11;07:30;77.0
2018-07-11;07:45;85.0
2018-07-11;08:00;93.0
2018-07-11;08:15;116.7
2018-07-11;08:30;140.4
2018-07-11;08:45;164.1
2018-07-11;09:00;187.8
2018-07-11;09:15;213.6
2018-07-11;09:30;239.4
2018-07-11;09:45;265.2
2018-07-11;10:00;291.0
2018-07-11;10:15;301.4
2018-07-11;10:30;311.8
2018-07-11;10:45;322.2
2018-07-11;11:00;332.6
2018-07-11;11:15;338.95
2018-07-11;11:30;345.3
2018-07-11;11:45;351.65
2018-07-11;12:00;358.0
2018-07-11;12:15;362.35
2018-07-11;12:30;366.7
2018-07-11;12:45;371.05
2018-07-11;13:00;375.4
2018-07-11;13:15;373.6
2018-07-11;13:30;371.8
2018-07-11;13:45;370.0
2018-07-11;14:00;368.2
2018-07-11;14:15;370.6
2018-07-11;14:30;373.0
2018-07-11;14:45;375.4
2018-07-11;15:00;377.8
2018-07-11;15:15;376.6
2018-07-11;15:30;375.4
2018-07-11;15:45;374.2
2018-07-11;16:00;373.0
2018-07-11;16:15;367.35
2018-07-11;16:30;361.7
2018-07-11;16:45;356.05
2018-07-11;17:00;350.4
2018-07-11;17:15;345.15
2018-07-11;17:30;339.9
2018-07-11;17:45;334.65
2018-07-11;18:00;329.4
2018-07-11;18:15;319.6
2018-07-11;18:30;309.8
2018-07-11;18:45;300.0
2018-07-11;19:00;290.2
2018-07-11;19:15;270.8
2018-07-11;19:30;251.4
2018-07-11;19:45;232.0
2018-07-11;20:00;212.6
2018-07-11;20:15;183.2
2018-07-11;20:30;153.8
2018-07-11;20:45;124.4
2018-07-11;21:00;95.0
2018-07-11;21:15;88.15
2018-07-11;21:30;81.3
2018-07-11;21:45;74.45
2018-07-11;22:00;67.6
2018-07-11;22:15;69.1
2018-07-11;22:30;70.6
2018-07-11;22:45;72.1
2018-07-11;23:00;73.6
2018-07-11;23:15;72.45
2018-07-11;23:30;71.3
2018-07-11;23:45;70.15
2018-07-12;00:00;69.0
2018-07-12;00:15;69.55
2018-07-12;00:30;70.1
2018-07-12;00:45;70.65
2018-07-12;01:00;71.2
2018-07-12;01:15;69.7
2018-07-12;01:30;68.2
2018-07-12;01:45;66.7
2018-07-12;02:00;65.2
2018-07-12;02:15;66.3
2018-07-12;02:30;67.4
2018-07-12;02:45;68.5
2018-07-12;03:00;69.6
2018-07-12;03:15;68.25
2018-07-12;03:30;66.9
2018-07-12;03:45;65.55
2018-07-12;04:00;64.2
2018-07-12;04:15;65.0
2018-07-12;04:30;65.8
2018-07-12;04:45;66.6
2018-07-12;05:00;67.4
2018-07-12;05:15;65.6
2018-07-12;05:30;63.8
2018-07-12;05:45;62.0
2018-07-12;06:00;60.2
2018-07-12;06:15;61.35
2018-07-12;06:30;62.5
2018-07-12;06:45;63.65
2018-07-12;07:00;64.8
2018-07-12;07:15;72.65
2018-07-12;07:30;80.5
2018-07-12;07:45;88.35
2018-07-12;08:00;96.2
2018-07-12;08:15;116.8
2018-07-12;08:30;137.4
2018-07-12;08:45;158.0
2018-07-12;09:00;178.6
2018-07-12;09:15;190.9
2018-07-12;09:30;203.2
2018-07-12;09:45;215.5
2018-07-12;10:00;227.8
2018-07-12;10:15;251.6
2018-07-12;10:30;275.4
2018-07-12;10:45;299.2
2018-07-12;11:00;323.0
2018-07-12;11:15;334.1
2018-07-12;11:30;345.2
2018-07-12;11:45;356.3
2018-07-12;12:00;367.4
2018-07-12;12:15;366.9
2018-07-12;12:30;366.4
2018-07-12;12:45;365.9
2018-07-12;13:00;365.4
2018-07-12;13:15;369.4
2018-07-12;13:30;373.4
2018-07-12;13:45;377.4
2018-07-12;14:00;381.4
2018-07-12;14:15;382.15
2018-07-12;14:30;382.9
2018-07-12;14:45;383.65
2018-07-12;15:00;384.4
2018-07-12;15:15;380.2
2018-07-12;15:30;376.0
2018-07-12;15:45;371.8
2018-07-12;16:00;367.6
2018-07-12;16:15;365.8
2018-07-12;16:30;364.0
2018-07-12;16:45;362.2
2018-07-12;17:00;360.4
2018-07-12;17:15;349.8
2018-07-12;17:30;339.2
2018-07-12;17:45;328.6
2018-07-12;18:00;318.0
2018-07-12;18:15;301.9
2018-07-12;18:30;285.8
2018-07-12;18:45;269.7
2018-07-12;19:00;253.6
2018-07-12;19:15;216.1
2018-07-12;19:30;178.6
2018-07-12;19:45;141.1
2018-07-12;20:00;103.6
2018-07-12;20:15;96.35
2018-07-12;20:30;89.1
2018-07-12;20:45;81.85
2018-07-12;21:00;74.6
2018-07-12;21:15;73.75
2018-07-12;21:30;72.9
2018-07-12;21:45;72.05
2018-07-12;22:00;71.2
2018-07-12;22:15;70.95
2018-07-12;22:30;70.7
2018-07-12;22:45;70.45
2018-07-12;23:00;70.2
2018-07-12;23:15;69.8
2018-07-12;23:30;69.4
2018-07-12;23:45;69.0
2018-07-13;00:00;68.6
2018-07-13;00:15;68.3
2018-07-13;00:30;68.0
2018-07-13;00:45;67.7
2018-07-13;01:00;67.4
2018-07-13;01:15;67.1
2018-07-13;01:30;66.8
2018-07-13;01:45;66.5
2018-07-13;02:00;66.2
2018-07-13;02:15;66.3
2018-07-13;02:30;66.4
2018-07-13;02:45;66.5
2018-07-13;03:00;66.6
2018-07-13;03:15;65.35
2018-07-13;03:30;64.1
2018-07-13;03:45;62.85
2018-07-13;04:00;61.6
2018-07-13;04:15;62.1
2018-07-13;04:30;62.6
2018-07-13;04:45;63.1
2018-07-13;05:00;63.6
2018-07-13;05:15;63.05
2018-07-13;05:30;62.5
2018-07-13;05:45;61.95
2018-07-13;06:00;61.4
2018-07-13;06:15;61.75
2018-07-13;06:30;62.1
2018-07-13;06:45;62.45
2018-07-13;07:00;62.8
2018-07-13;07:15;71.3
2018-07-13;07:30;79.8
2018-07-13;07:45;88.3
2018-07-13;08:00;96.8
2018-07-13;08:15;116.9
2018-07-13;08:30;137.0
2018-07-13;08:45;157.1
2018-07-13;09:00;177.2
2018-07-13;09:15;189.2
2018-07-13;09:30;201.2
2018-07-13;09:45;213.2
2018-07-13;10:00;225.2
2018-07-13;10:15;231.85
2018-07-13;10:30;238.5
2018-07-13;10:45;245.15
2018-07-13;11:00;251.8
2018-07-13;11:15;272.55
2018-07-13;11:30;293.3
2018-07-13;11:45;314.05
2018-07-13;12:00;334.8
2018-07-13;12:15;340.7
2018-07-13;12:30;346.6
2018-07-13;12:45;352.5
2018-07-13;13:00;358.4
2018-07-13;13:15;359.7
2018-07-13;13:30;361.0
2018-07-13;13:45;362.3
2018-07-13;14:00;363.6
2018-07-13;14:15;367.3
2018-07-13;14:30;371.0
2018-07-13;14:45;374.7
2018-07-13;15:00;378.4
2018-07-13;15:15;375.6
2018-07-13;15:30;372.8
2018-07-13;15:45;370.0
2018-07-13;16:00;367.2
2018-07-13;16:15;368.4
2018-07-13;16:30;369.6
2018-07-13;16:45;370.8
2018-07-13;17:00;372.0
2018-07-13;17:15;364.3
2018-07-13;17:30;356.6
2018-07-13;17:45;348.9
2018-07-13;18:00;341.2
2018-07-13;18:15;322.7
2018-07-13;18:30;304.2
2018-07-13;18:45;285.7
2018-07-13;19:00;267.2
2018-07-13;19:15;238.8
2018-07-13;19:30;210.4
2018-07-13;19:45;182.0
2018-07-13;20:00;153.6
2018-07-13;20:15;131.6
2018-07-13;20:30;109.6
2018-07-13;20:45;87.6
2018-07-13;21:00;65.6
2018-07-13;21:15;64.6
2018-07-13;21:30;63.6
2018-07-13;21:45;62.6
2018-07-13;22:00;61.6
2018-07-13;22:15;62.25
2018-07-13;22:30;62.9
2018-07-13;22:45;63.55
2018-07-13;23:00;64.2
2018-07-13;23:15;63.5
2018-07-13;23:30;62.8
2018-07-13;23:45;62.1
2018-07-14;00:00;61.4
2018-07-14;00:15;61.6
2018-07-14;00:30;61.8
2018-07-14;00:45;62.0
2018-07-14;01:00;62.2
2018-07-14;01:15;61.1
2018-07-14;01:30;60.0
2018-07-14;01:45;58.9
2018-07-14;02:00;57.8
2018-07-14;02:15;58.65
2018-07-14;02:30;59.5
2018-07-14;02:45;60.35
2018-07-14;03:00;61.2
2018-07-14;03:15;61.2
2018-07-14;03:30;61.2
2018-07-14;03:45;61.2
2018-07-14;04:00;61.2
2018-07-14;04:15;61.25
2018-07-14;04:30;61.3
2018-07-14;04:45;61.35
2018-07-14;05:00;61.4
2018-07-14;05:15;58.75
2018-07-14;05:30;56.1
2018-07-14;05:45;53.45
2018-07-14;06:00;50.8
2018-07-14;06:15;52.55
2018-07-14;06:30;54.3
2018-07-14;06:45;56.05
2018-07-14;07:00;57.8
2018-07-14;07:15;68.3
2018-07-14;07:30;78.8
2018-07-14;07:45;89.3
2018-07-14;08:00;99.8
2018-07-14;08:15;115.6
2018-07-14;08:30;131.4
2018-07-14;08:45;147.2
2018-07-14;09:00;163.0
2018-07-14;09:15;175.55
2018-07-14;09:30;188.1
2018-07-14;09:45;200.65
2018-07-14;10:00;213.2
2018-07-14;10:15;237.5
2018-07-14;10:30;261.8
2018-07-14;10:45;286.1
2018-07-14;11:00;310.4
2018-07-14;11:15;323.25
2018-07-14;11:30;336.1
2018-07-14;11:45;348.95
2018-07-14;12:00;361.8
2018-07-14;12:15;361.0
2018-07-14;12:30;360.2
2018-07-14;12:45;359.4
2018-07-14;13:00;358.6
2018-07-14;13:15;360.25
2018-07-14;13:30;361.9
2018-07-14;13:45;363.55
2018-07-14;14:00;365.2
2018-07-14;14:15;365.25
2018-07-14;14:30;365.3
2018-07-14;14:45;365.35
2018-07-14;15:00;365.4
2018-07-14;15:15;364.7
2018-07-14;15:30;364.0
2018-07-14;15:45;363.3
2018-07-14;16:00;362.6
2018-07-14;16:15;361.05
2018-07-14;16:30;359.5
2018-07-14;16:45;357.95
2018-07-14;17:00;356.4
2018-07-14;17:15;350.2
2018-07-14;17:30;344.0
2018-07-14;17:45;337.8
2018-07-14;18:00;331.6
2018-07-14;18:15;305.3
2018-07-14;18:30;279.0
2018-07-14;18:45;252.7
2018-07-14;19:00;226.4
2018-07-14;19:15;201.05
2018-07-14;19:30;175.7
2018-07-14;19:45;150.35
2018-07-14;20:00;125.0
2018-07-14;20:15;111.2
2018-07-14;20:30;97.4
2018-07-14;20:45;83.6
2018-07-14;21:00;69.8
2018-07-14;21:15;68.2
2018-07-14;21:30;66.6
2018-07-14;21:45;65.0
2018-07-14;22:00;63.4
2018-07-14;22:15;63.7
2018-07-14;22:30;64.0
2018-07-14;22:45;64.3
2018-07-14;23:00;64.6
2018-07-14;23:15;64.75
2018-07-14;23:30;64.9
2018-07-14;23:45;65.05
2018-07-15;00:00;65.2
2018-07-15;00:15;63.9
2018-07-15;00:30;62.6
2018-07-15;00:45;61.3
2018-07-15;01:00;60.0
2018-07-15;01:15;60.1
2018-07-15;01:30;60.2
2018-07-15;01:45;60.3
2018-07-15;02:00;60.4
2018-07-15;02:15;60.05
2018-07-15;02:30;59.7
2018-07-15;02:45;59.35
2018-07-15;03:00;59.0
2018-07-15;03:15;59.9
2018-07-15;03:30;60.8
2018-07-15;03:45;61.7
2018-07-15;04:00;62.6
2018-07-15;04:15;62.45
2018-07-15;04:30;62.3
2018-07-15;04:45;62.15
2018-07-15;05:00;62.0
2018-07-15;05:15;60.4
2018-07-15;05:30;58.8
2018-07-15;05:45;57.2
2018-07-15;06:00;55.6
2018-07-15;06:15;55.3
2018-07-15;06:30;55.0
2018-07-15;06:45;54.7
2018-07-15;07:00;54.4
2018-07-15;07:15;63.6
2018-07-15;07:30;72.8
2018-07-15;07:45;82.0
2018-07-15;08:00;91.2
2018-07-15;08:15;109.25
2018-07-15;08:30;127.3
2018-07-15;08:45;145.35
2018-07-15;09:00;163.4
2018-07-15;09:15;187.35
2018-07-15;09:30;211.3
2018-07-15;09:45;235.25
2018-07-15;10:00;259.2
2018-07-15;10:15;278.35
2018-07-15;10:30;297.5
2018-07-15;10:45;316.65
2018-07-15;11:00;335.8
2018-07-15;11:15;344.55
2018-07-15;11:30;353.3
2018-07-15;11:45;362.05
2018-07-15;12:00;370.8
2018-07-15;12:15;368.8
2018-07-15;12:30;366.8
2018-07-15;12:45;364.8
2018-07-15;13:00;362.8
2018-07-15;13:15;364.2
2018-07-15;13:30;365.6
2018-07-15;13:45;367.0
2018-07-15;14:00;368.4
2018-07-15;14:15;354.65
2018-07-15;14:30;340.9
2018-07-15;14:45;327.15
2018-07-15;15:00;313.4
2018-07-15;15:15;322.0
2018-07-15;15:30;330.6
2018-07-15;15:45;339.2
2018-07-15;16:00;347.8
2018-07-15;16:15;348.65
2018-07-15;16:30;349.5
2018-07-15;16:45;350.35
2018-07-15;17:00;351.2
2018-07-15;17:15;345.75
2018-07-15;17:30;340.3
2018-07-15;17:45;334.85
2018-07-15;18:00;329.4
2018-07-15;18:15;308.25
2018-07-15;18:30;287.1
2018-07-15;18:45;265.95
2018-07-15;19:00;244.8
2018-07-15;19:15;225.65
2018-07-15;19:30;206.5
2018-07-15;19:45;187.35
2018-07-15;20:00;168.2
2018-07-15;20:15;144.9
2018-07-15;20:30;121.6
2018-07-15;20:45;98.3
2018-07-15;21:00;75.0
2018-07-15;21:15;72.2
2018-07-15;21:30;69.4
2018-07-15;21:45;66.6
2018-07-15;22:00;63.8
2018-07-15;22:15;62.2
2018-07-15;22:30;60.6
2018-07-15;22:45;59.0
2018-07-15;23:00;57.4
2018-07-15;23:15;60.8
2018-07-15;23:30;64.2
2018-07-15;23:45;67.6
2018-07-16;00:00;71.0
2018-07-16;00:15;69.05
2018-07-16;00:30;67.1
2018-07-16;00:45;65.15
2018-07-16;01:00;63.2
2018-07-16;01:15;61.8
2018-07-16;01:30;60.4
2018-07-16;01:45;59.0
2018-07-16;02:00;57.6
2018-07-16;02:15;58.5
2018-07-16;02:30;59.4
2018-07-16;02:45;60.3
2018-07-16;03:00;61.2
2018-07-16;03:15;62.4
2018-07-16;03:30;63.6
2018-07-16;03:45;64.8
2018-07-16;04:00;66.0
2018-07-16;04:15;63.75
2018-07-16;04:30;61.5
2018-07-16;04:45;59.25
2018-07-16;05:00;57.0
2018-07-16;05:15;55.75
2018-07-16;05:30;54.5
2018-07-16;05:45;53.25
2018-07-16;06:00;52.0
2018-07-16;06:15;53.45
2018-07-16;06:30;54.9
2018-07-16;06:45;56.35
2018-07-16;07:00;57.8
2018-07-16;07:15;66.65
2018-07-16;07:30;75.5
2018-07-16;07:45;84.35
2018-07-16;08:00;93.2
2018-07-16;08:15;110.55
2018-07-16;08:30;127.9
2018-07-16;08:45;145.25
2018-07-16;09:00;162.6
2018-07-16;09:15;183.2
2018-07-16;09:30;203.8
2018-07-16;09:45;224.4
2018-07-16;10:00;245.0
2018-07-16;10:15;255.55
2018-07-16;10:30;266.1
2018-07-16;10:45;276.65
2018-07-16;11:00;287.2
2018-07-16;11:15;308.1
2018-07-16;11:30;329.0
2018-07-16;11:45;349.9
2018-07-16;12:00;370.8
2018-07-16;12:15;373.05
2018-07-16;12:30;375.3
2018-07-16;12:45;377.55
2018-07-16;13:00;379.8
2018-07-16;13:15;378.05
2018-07-16;13:30;376.3
2018-07-16;13:45;374.55
2018-07-16;14:00;372.8
2018-07-16;14:15;374.4
2018-07-16;14:30;376.0
2018-07-16;14:45;377.6
2018-07-16;15:00;379.2
2018-07-16;15:15;380.5
2018-07-16;15:30;381.8
2018-07-16;15:45;383.1
2018-07-16;16:00;384.4
2018-07-16;16:15;378.85
2018-07-16;16:30;373.3
2018-07-16;16:45;367.75
2018-07-16;17:00;362.2
2018-07-16;17:15;352.65
2018-07-16;17:30;343.1
2018-07-16;17:45;333.55
2018-07-16;18:00;324.0
2018-07-16;18:15;320.1
2018-07-16;18:30;316.2
2018-07-16;18:45;312.3
2018-07-16;19:00;308.4
2018-07-16;19:15;284.25
2018-07-16;19:30;260.1
2018-07-16;19:45;235.95
2018-07-16;20:00;211.8
2018-07-16;20:15;175.6
2018-07-16;20:30;139.4
2018-07-16;20:45;103.2
2018-07-16;21:00;67.0
2018-07-16;21:15;66.1
2018-07-16;21:30;65.2
2018-07-16;21:45;64.3
2018-07-16;22:00;63.4
2018-07-16;22:15;63.2
2018-07-16;22:30;63.0
2018-07-16;22:45;62.8
2018-07-16;23:00;62.6
2018-07-16;23:15;63.45
2018-07-16;23:30;64.3
2018-07-16;23:45;65.15
2018-07-17;00:00;66.0
2018-07-17;00:15;64.9
2018-07-17;00:30;63.8
2018-07-17;00:45;62.7
2018-07-17;01:00;61.6
2018-07-17;01:15;61.05
2018-07-17;01:30;60.5
2018-07-17;01:45;59.95
2018-07-17;02:00;59.4
2018-07-17;02:15;59.3
2018-07-17;02:30;59.2
2018-07-17;02:45;59.1
2018-07-17;03:00;59.0
2018-07-17;03:15;60.0
2018-07-17;03:30;61.0
2018-07-17;03:45;62.0
2018-07-17;04:00;63.0
2018-07-17;04:15;60.1
2018-07-17;04:30;57.2
2018-07-17;04:45;54.3
2018-07-17;05:00;51.4
2018-07-17;05:15;52.9
2018-07-17;05:30;54.4
2018-07-17;05:45;55.9
2018-07-17;06:00;57.4
2018-07-17;06:15;57.55
2018-07-17;06:30;57.7
2018-07-17;06:45;57.85
2018-07-17;07:00;58.0
2018-07-17;07:15;67.1
2018-07-17;07:30;76.2
2018-07-17;07:45;85.3
2018-07-17;08:00;94.4
2018-07-17;08:15;111.3
2018-07-17;08:30;128.2
2018-07-17;08:45;145.1
2018-07-17;09:00;162.0
2018-07-17;09:15;178.05
2018-07-17;09:30;194.1
2018-07-17;09:45;210.15
2018-07-17;10:00;226.2
2018-07-17;10:15;237.5
2018-07-17;10:30;248.8
2018-07-17;10:45;260.1
2018-07-17;11:00;271.4
2018-07-17;11:15;291.05
2018-07-17;11:30;310.7
2018-07-17;11:45;330.35
2018-07-17;12:00;350.0
2018-07-17;12:15;352.6
2018-07-17;12:30;355.2
2018-07-17;12:45;357.8
2018-07-17;13:00;360.4
2018-07-17;13:15;361.55
2018-07-17;13:30;362.7
2018-07-17;13:45;363.85
2018-07-17;14:00;365.0
2018-07-17;14:15;364.85
2018-07-17;14:30;364.7
2018-07-17;14:45;364.55
2018-07-17;15:00;364.4
2018-07-17;15:15;366.05
2018-07-17;15:30;367.7
2018-07-17;15:45;369.35
2018-07-17;16:00;371.0
2018-07-17;16:15;362.45
2018-07-17;16:30;353.9
2018-07-17;16:45;345.35
2018-07-17;17:00;336.8
2018-07-17;17:15;337.0
2018-07-17;17:30;337.2
2018-07-17;17:45;337.4
2018-07-17;18:00;337.6
2018-07-17;18:15;328.3
2018-07-17;18:30;319.0
2018-07-17;18:45;309.7
2018-07-17;19:00;300.4
2018-07-17;19:15;270.8
2018-07-17;19:30;241.2
2018-07-17;19:45;211.6
2018-07-17;20:00;182.0
2018-07-17;20:15;155.35
2018-07-17;20:30;128.7
2018-07-17;20:45;102.05
2018-07-17;21:00;75.4
2018-07-17;21:15;73.25
2018-07-17;21:30;71.1
2018-07-17;21:45;68.95
2018-07-17;22:00;66.8
2018-07-17;22:15;65.2
2018-07-17;22:30;63.6
2018-07-17;22:45;62.0
2018-07-17;23:00;60.4
2018-07-17;23:15;62.4
2018-07-17;23:30;64.4
2018-07-17;23:45;66.4
2018-07-18;00:00;68.4
2018-07-18;00:15;67.0
2018-07-18;00:30;65.6
2018-07-18;00:45;64.2
2018-07-18;01:00;62.8
2018-07-18;01:15;62.6
2018-07-18;01:30;62.4
2018-07-18;01:45;62.2
2018-07-18;02:00;62.0
2018-07-18;02:15;60.65
2018-07-18;02:30;59.3
2018-07-18;02:45;57.95
2018-07-18;03:00;56.6
2018-07-18;03:15;59.05
2018-07-18;03:30;61.5
2018-07-18;03:45;63.95
2018-07-18;04:00;66.4
2018-07-18;04:15;63.8
2018-07-18;04:30;61.2
2018-07-18;04:45;58.6
2018-07-18;05:00;56.0
2018-07-18;05:15;56.5
2018-07-18;05:30;57.0
2018-07-18;05:45;57.5
2018-07-18;06:00;58.0
2018-07-18;06:15;57.65
2018-07-18;06:30;57.3
2018-07-18;06:45;56.95
2018-07-18;07:00;56.6
2018-07-18;07:15;65.55
2018-07-18;07:30;74.5
2018-07-18;07:45;83.45
2018-07-18;08:00;92.4
2018-07-18;08:15;106.75
2018-07-18;08:30;121.1
2018-07-18;08:45;135.45
2018-07-18;09:00;149.8
2018-07-18;09:15;179.6
2018-07-18;09:30;209.4
2018-07-18;09:45;239.2
2018-07-18;10:00;269.0
2018-07-18;10:15;291.0
2018-07-18;10:30;313.0
2018-07-18;10:45;335.0
2018-07-18;11:00;357.0
2018-07-18;11:15;357.9
2018-07-18;11:30;358.8
2018-07-18;11:45;359.7
2018-07-18;12:00;360.6
2018-07-18;12:15;361.75
2018-07-18;12:30;362.9
2018-07-18;12:45;364.05
2018-07-18;13:00;365.2
2018-07-18;13:15;364.75
2018-07-18;13:30;364.3
2018-07-18;13:45;363.85
2018-07-18;14:00;363.4
2018-07-18;14:15;364.7
2018-07-18;14:30;366.0
2018-07-18;14:45;367.3
2018-07-18;15:00;368.6
2018-07-18;15:15;370.0
2018-07-18;15:30;371.4
2018-07-18;15:45;372.8
2018-07-18;16:00;374.2
2018-07-18;16:15;375.6
2018-07-18;16:30;377.0
2018-07-18;16:45;378.4
2018-07-18;17:00;379.8
2018-07-18;17:15;369.5
2018-07-18;17:30;359.2
2018-07-18;17:45;348.9
2018-07-18;18:00;338.6
2018-07-18;18:15;332.95
2018-07-18;18:30;327.3
2018-07-18;18:45;321.65
2018-07-18;19:00;316.0
2018-07-18;19:15;283.9
2018-07-18;19:30;251.8
2018-07-18;19:45;219.7
2018-07-18;20:00;187.6
2018-07-18;20:15;163.3
2018-07-18;20:30;139.0
2018-07-18;20:45;114.7
2018-07-18;21:00;90.4
2018-07-18;21:15;84.05
2018-07-18;21:30;77.7
2018-07-18;21:45;71.35
2018-07-18;22:00;65.0
2018-07-18;22:15;64.85
2018-07-18;22:30;64.7
2018-07-18;22:45;64.55
2018-07-18;23:00;64.4
2018-07-18;23:15;65.9
2018-07-18;23:30;67.4
2018-07-18;23:45;68.9
2018-07-19;00:00;70.4
2018-07-19;00:15;69.05
2018-07-19;00:30;67.7
2018-07-19;00:45;66.35
2018-07-19;01:00;65.0
2018-07-19;01:15;65.3
2018-07-19;01:30;65.6
2018-07-19;01:45;65.9
2018-07-19;02:00;66.2
2018-07-19;02:15;65.0
2018-07-19;02:30;63.8
2018-07-19;02:45;62.6
2018-07-19;03:00;61.4
2018-07-19;03:15;62.4
2018-07-19;03:30;63.4
2018-07-19;03:45;64.4
2018-07-19;04:00;65.4
2018-07-19;04:15;64.2
2018-07-19;04:30;63.0
2018-07-19;04:45;61.8
2018-07-19;05:00;60.6
2018-07-19;05:15;60.25
2018-07-19;05:30;59.9
2018-07-19;05:45;59.55
2018-07-19;06:00;59.2
2018-07-19;06:15;58.85
2018-07-19;06:30;58.5
2018-07-19;06:45;58.15
2018-07-19;07:00;57.8
2018-07-19;07:15;61.75
2018-07-19;07:30;65.7
2018-07-19;07:45;69.65
2018-07-19;08:00;73.6
2018-07-19;08:15;95.25
2018-07-19;08:30;116.9
2018-07-19;08:45;138.55
2018-07-19;09:00;160.2
2018-07-19;09:15;191.3
2018-07-19;09:30;222.4
2018-07-19;09:45;253.5
2018-07-19;10:00;284.6
2018-07-19;10:15;296.2
2018-07-19;10:30;307.8
2018-07-19;10:45;319.4
2018-07-19;11:00;331.0
2018-07-19;11:15;334.3
2018-07-19;11:30;337.6
2018-07-19;11:45;340.9
2018-07-19;12:00;344.2
2018-07-19;12:15;348.8
2018-07-19;12:30;353.4
2018-07-19;12:45;358.0
2018-07-19;13:00;362.6
2018-07-19;13:15;361.1
2018-07-19;13:30;359.6
2018-07-19;13:45;358.1
2018-07-19;14:00;356.6
2018-07-19;14:15;363.2
2018-07-19;14:30;369.8
2018-07-19;14:45;376.4
2018-07-19;15:00;383.0
2018-07-19;15:15;384.45
2018-07-19;15:30;385.9
2018-07-19;15:45;387.35
2018-07-19;16:00;388.8
2018-07-19;16:15;381.2
2018-07-19;16:30;373.6
2018-07-19;16:45;366.0
2018-07-19;17:00;358.4
2018-07-19;17:15;354.55
2018-07-19;17:30;350.7
2018-07-19;17:45;346.85
2018-07-19;18:00;343.0
2018-07-19;18:15;332.9
2018-07-19;18:30;322.8
2018-07-19;18:45;312.7
2018-07-19;19:00;302.6
2018-07-19;19:15;265.15
2018-07-19;19:30;227.7
2018-07-19;19:45;190.25
2018-07-19;20:00;152.8
2018-07-19;20:15;138.45
2018-07-19;20:30;124.1
2018-07-19;20:45;109.75
2018-07-19;21:00;95.4
2018-07-19;21:15;90.05
2018-07-19;21:30;84.7
2018-07-19;21:45;79.35
2018-07-19;22:00;74.0
2018-07-19;22:15;71.6
2018-07-19;22:30;69.2
2018-07-19;22:45;66.8
2018-07-19;23:00;64.4
2018-07-19;23:15;65.65
2018-07-19;23:30;66.9
2018-07-19;23:45;68.15
2018-07-20;00:00;69.4
2018-07-20;00:15;69.25
2018-07-20;00:30;69.1
2018-07-20;00:45;68.95
2018-07-20;01:00;68.8
2018-07-20;01:15;66.65
2018-07-20;01:30;64.5
2018-07-20;01:45;62.35
2018-07-20;02:00;60.2
2018-07-20;02:15;61.45
2018-07-20;02:30;62.7
2018-07-20;02:45;63.95
2018-07-20;03:00;65.2
2018-07-20;03:15;64.9
2018-07-20;03:30;64.6
2018-07-20;03:45;64.3
2018-07-20;04:00;64.0
2018-07-20;04:15;65.4
2018-07-20;04:30;66.8
2018-07-20;04:45;68.2
2018-07-20;05:00;69.6
2018-07-20;05:15;67.7
2018-07-20;05:30;65.8
2018-07-20;05:45;63.9
2018-07-20;06:00;62.0
2018-07-20;06:15;62.4
2018-07-20;06:30;62.8
2018-07-20;06:45;63.2
2018-07-20;07:00;63.6
2018-07-20;07:15;64.3
2018-07-20;07:30;65.0
2018-07-20;07:45;65.7
2018-07-20;08:00;66.4
2018-07-20;08:15;84.35
2018-07-20;08:30;102.3
2018-07-20;08:45;120.25
2018-07-20;09:00;138.2
2018-07-20;09:15;156.25
2018-07-20;09:30;174.3
2018-07-20;09:45;192.35
2018-07-20;10:00;210.4
2018-07-20;10:15;232.8
2018-07-20;10:30;255.2
2018-07-20;10:45;277.6
2018-07-20;11:00;300.0
2018-07-20;11:15;313.65
2018-07-20;11:30;327.3
2018-07-20;11:45;340.95
2018-07-20;12:00;354.6
2018-07-20;12:15;358.1
2018-07-20;12:30;361.6
2018-07-20;12:45;365.1
2018-07-20;13:00;368.6
2018-07-20;13:15;368.45
2018-07-20;13:30;368.3
2018-07-20;13:45;368.15
2018-07-20;14:00;368.0
2018-07-20;14:15;368.9
2018-07-20;14:30;369.8
2018-07-20;14:45;370.7
2018-07-20;15:00;371.6
2018-07-20;15:15;373.1
2018-07-20;15:30;374.6
2018-07-20;15:45;376.1
2018-07-20;16:00;377.6
2018-07-20;16:15;375.5
2018-07-20;16:30;373.4
2018-07-20;16:45;371.3
2018-07-20;17:00;369.2
2018-07-20;17:15;362.05
2018-07-20;17:30;354.9
2018-07-20;17:45;347.75
2018-07-20;18:00;340.6
2018-07-20;18:15;329.85
2018-07-20;18:30;319.1
2018-07-20;18:45;308.35
2018-07-20;19:00;297.6
2018-07-20;19:15;262.35
2018-07-20;19:30;227.1
2018-07-20;19:45;191.85
2018-07-20;20:00;156.6
